imglink,title,category,videolink
https://img.youtube.com/vi/iiLT6_Ccfwo/0.jpg,예쁜뒷태 등운동- 헬스장 편 ,전신,https://www.youtube.com/embed/iiLT6_Ccfwo?rel=0&autoplay=1
https://img.youtube.com/vi/QUn2iTnPOyw/0.jpg,10분 만에 칼로리 태워요! 땀나는 전신운동,전신,https://www.youtube.com/embed/QUn2iTnPOyw?rel=0&autoplay=1
https://img.youtube.com/vi/bleOTMDa3_4/0.jpg,NO JUMPING! 초보자를 위한 전신 지방 연소 운동,전신,https://www.youtube.com/embed/bleOTMDa3_4?rel=0&autoplay=1
https://img.youtube.com/vi/HTahruuzprw/0.jpg,50분 운동후 650칼로리 소비하기,전신,https://www.youtube.com/embed/HTahruuzprw?rel=0&autoplay=1
https://img.youtube.com/vi/sbzcsPGPdIs/0.jpg,10분 안에 지방 불태우기,전신,https://www.youtube.com/embed/sbzcsPGPdIs?rel=0&autoplay=1
https://img.youtube.com/vi/xC9Xzbfq-Hs/0.jpg,운동기구를 통해 전신 바디 운동,전신,https://www.youtube.com/embed/xC9Xzbfq-Hs?rel=0&autoplay=1
https://img.youtube.com/vi/NaG1XJnmyas/0.jpg,레베카 언니의 인터벌 트레이닝 운동,전신,https://www.youtube.com/embed/NaG1XJnmyas?rel=0&autoplay=1
https://img.youtube.com/vi/lcNPw61ageQ/0.jpg,치어리더 몸매 만들기,전신,https://www.youtube.com/embed/lcNPw61ageQ?rel=0&autoplay=1
https://img.youtube.com/vi/97s561Neda4/0.jpg,세계적인 모델 캔디스 스와네포엘 운동법,전신,https://www.youtube.com/embed/97s561Neda4?rel=0&autoplay=1
https://img.youtube.com/vi/6IL79kLz6XQ/0.jpg,단기간에 체중감량을 위한 전신운동,전신,https://www.youtube.com/embed/6IL79kLz6XQ?rel=0&autoplay=1
https://img.youtube.com/vi/ueQuF4O5vXk/0.jpg,레베카 언니와 댄스 동작을 활용한 10분 댄스 운동,전신,https://www.youtube.com/embed/ueQuF4O5vXk?rel=0&autoplay=1
https://img.youtube.com/vi/chfZM4pW27k/0.jpg,여름시즌 몸매만들기 1탄! - 전신편,전신,https://www.youtube.com/embed/chfZM4pW27k?rel=0&autoplay=1
https://img.youtube.com/vi/WFTgDwuEB2I/0.jpg,여름대비 비키니 몸매 만들기,전신,https://www.youtube.com/embed/WFTgDwuEB2I?rel=0&autoplay=1
https://img.youtube.com/vi/toruWauxEcg/0.jpg,배꼽지방을 없애주는 풀 바디 운동,전신,https://www.youtube.com/embed/toruWauxEcg?rel=0&autoplay=1
https://img.youtube.com/vi/j-sOWLKGmKs/0.jpg,침대에서 할수 있는 5분 지방 분해 운동,전신,https://www.youtube.com/embed/j-sOWLKGmKs?rel=0&autoplay=1
https://img.youtube.com/vi/4RR5qnJ404g/0.jpg,빅토리아 시크릿 모델 라인 만들기,전신,https://www.youtube.com/embed/4RR5qnJ404g?rel=0&autoplay=1
https://img.youtube.com/vi/TvSdgw_13oI/0.jpg,다양한 동작으로 지방 불태우기,전신,https://www.youtube.com/embed/TvSdgw_13oI?rel=0&autoplay=1
https://img.youtube.com/vi/hzzJX7VRHmo/0.jpg,발레동작으로 전신 칼로리 소비하기,전신,https://www.youtube.com/embed/hzzJX7VRHmo?rel=0&autoplay=1
https://img.youtube.com/vi/egiIZBNm6U8/0.jpg,20분 전신 스텝 운동,전신,https://www.youtube.com/embed/egiIZBNm6U8?rel=0&autoplay=1
https://img.youtube.com/vi/sAapLQCASOE/0.jpg,30분 장비없이 Barre 운동,전신,https://www.youtube.com/embed/sAapLQCASOE?rel=0&autoplay=1
https://img.youtube.com/vi/iWjRCMB_mzY/0.jpg,강도높은 필라테스 운동,전신,https://www.youtube.com/embed/iWjRCMB_mzY?rel=0&autoplay=1
https://img.youtube.com/vi/N3fWC1eAAO8/0.jpg,신진대사를 촉진시켜주는 킥복싱 운동,전신,https://www.youtube.com/embed/N3fWC1eAAO8?rel=0&autoplay=1
https://img.youtube.com/vi/f4ploouAfWI/0.jpg,고도비만을 위한 전신 운동,전신,https://www.youtube.com/embed/f4ploouAfWI?rel=0&autoplay=1
https://img.youtube.com/vi/htpvZxlQjRI/0.jpg,장비 없이 핫 바디 만들기,전신,https://www.youtube.com/embed/htpvZxlQjRI?rel=0&autoplay=1
https://img.youtube.com/vi/MuM1Ceqwzrs/0.jpg,레베카 언니의 집중 체중 감량 운동,전신,https://www.youtube.com/embed/MuM1Ceqwzrs?rel=0&autoplay=1
https://img.youtube.com/vi/mbX2e2CopSE/0.jpg,강도 높은 전신운동,전신,https://www.youtube.com/embed/mbX2e2CopSE?rel=0&autoplay=1
https://img.youtube.com/vi/GnYf0Fvdxxo/0.jpg,테일러 스위프트 운동법,전신,https://www.youtube.com/embed/GnYf0Fvdxxo?rel=0&autoplay=1
https://img.youtube.com/vi/f1DvHf_sS-o/0.jpg,폭식후 체중감량에 탁월한 15분 운동,전신,https://www.youtube.com/embed/f1DvHf_sS-o?rel=0&autoplay=1
https://img.youtube.com/vi/ksFJllwHOrQ/0.jpg,우아한 발레 동작으로 몸매 유지하기,전신,https://www.youtube.com/embed/ksFJllwHOrQ?rel=0&autoplay=1
https://img.youtube.com/vi/7tUsOBTx98A/0.jpg,초보자를 위한 걷기 운동,전신,https://www.youtube.com/embed/7tUsOBTx98A?rel=0&autoplay=1
https://img.youtube.com/vi/NkjZmzte4SU/0.jpg,레베카 언니의 집중 체중감량 운동법,전신,https://www.youtube.com/embed/NkjZmzte4SU?rel=0&autoplay=1
https://img.youtube.com/vi/nXuNdCeqzbw/0.jpg,댄스 동작을 활용한 10분 체지방 줄이기,전신,https://www.youtube.com/embed/nXuNdCeqzbw?rel=0&autoplay=1
https://img.youtube.com/vi/TWaFvlyXfRU/0.jpg,티파니 언니와 함께하는 15분 초보운동,전신,https://www.youtube.com/embed/TWaFvlyXfRU?rel=0&autoplay=1
https://img.youtube.com/vi/4_w1Xpjebdk/0.jpg,발레 동작을 이용하여 등라인 이쁘게 만들기,전신,https://www.youtube.com/embed/4_w1Xpjebdk?rel=0&autoplay=1
https://img.youtube.com/vi/S6OIKsZammI/0.jpg,캐시언니와 함께 TV를 시청하면서 운동하기,전신,https://www.youtube.com/embed/S6OIKsZammI?rel=0&autoplay=1
https://img.youtube.com/vi/s3F6R92s6_o/0.jpg,60분 운동으로 680칼로리 소비하기,전신,https://www.youtube.com/embed/s3F6R92s6_o?rel=0&autoplay=1
https://img.youtube.com/vi/MPKDjNvKnN8/0.jpg,러브핸들 잡을수 있는 전신운동,전신,https://www.youtube.com/embed/MPKDjNvKnN8?rel=0&autoplay=1
https://img.youtube.com/vi/cA-rsX7Y7f4/0.jpg,지지 하디드 전신 운동법,전신,https://www.youtube.com/embed/cA-rsX7Y7f4?rel=0&autoplay=1
https://img.youtube.com/vi/2DNioliqOug/0.jpg,2주안에 탄탄한 몸매 만드는 10분 운동,전신,https://www.youtube.com/embed/2DNioliqOug?rel=0&autoplay=1
https://img.youtube.com/vi/eaGywVXXTcM/0.jpg,레베카 언니의 덤벨을 활용한 전신 운동,전신,https://www.youtube.com/embed/eaGywVXXTcM?rel=0&autoplay=1
https://img.youtube.com/vi/YJ3QuchrUNA/0.jpg,45분 복싱운동으로 500칼로리 소비하기,전신,https://www.youtube.com/embed/YJ3QuchrUNA?rel=0&autoplay=1
https://img.youtube.com/vi/5BwamjxxEPE/0.jpg,10분 운동후 100칼로리 소비하기,전신,https://www.youtube.com/embed/5BwamjxxEPE?rel=0&autoplay=1
https://img.youtube.com/vi/D2kR-AKf4aQ/0.jpg,체중감량을 위한 Full Body 운동,전신,https://www.youtube.com/embed/D2kR-AKf4aQ?rel=0&autoplay=1
https://img.youtube.com/vi/GT2Uv05iY1k/0.jpg,캐시언니의 슈퍼 히어로 테마 운동 - 캣우먼,전신,https://www.youtube.com/embed/GT2Uv05iY1k?rel=0&autoplay=1
https://img.youtube.com/vi/mUns8O4YL5M/0.jpg,강도높고 다양한 동작의 전신운동!,전신,https://www.youtube.com/embed/mUns8O4YL5M?rel=0&autoplay=1
https://img.youtube.com/vi/rU-CtfuTSsI/0.jpg,레베카 언니의 15분 FULL 바디 운동,전신,https://www.youtube.com/embed/rU-CtfuTSsI?rel=0&autoplay=1
https://img.youtube.com/vi/vxq6FGijR7M/0.jpg,조용하게 운동을 할수 있는 2번째 전신운동,전신,https://www.youtube.com/embed/vxq6FGijR7M?rel=0&autoplay=1
https://img.youtube.com/vi/NNA3G4E4BJk/0.jpg,캐시언니의 슈퍼 히어로 테마 운동 - 슈퍼걸편,전신,https://www.youtube.com/embed/NNA3G4E4BJk?rel=0&autoplay=1
https://img.youtube.com/vi/dbcV95-sC9s/0.jpg,캐시언니의 슈퍼 히어로 테마 운동 - 원더우먼편,전신,https://www.youtube.com/embed/dbcV95-sC9s?rel=0&autoplay=1
https://img.youtube.com/vi/oVWKl8jZhbY/0.jpg,캐시언니의 슈퍼 히어로 테마 운동 - 세일러문편,전신,https://www.youtube.com/embed/oVWKl8jZhbY?rel=0&autoplay=1
https://img.youtube.com/vi/CW7cg6Ot86k/0.jpg,체중 감량에 탁월한 10분 운동,전신,https://www.youtube.com/embed/CW7cg6Ot86k?rel=0&autoplay=1
https://img.youtube.com/vi/FOM3HjVx9JU/0.jpg,캐시언니의 토탈 바디 운동,전신,https://www.youtube.com/embed/FOM3HjVx9JU?rel=0&autoplay=1
https://img.youtube.com/vi/LNqwySkdSh8/0.jpg,레베카 언니의 15분 Full 바디 운동,전신,https://www.youtube.com/embed/LNqwySkdSh8?rel=0&autoplay=1
https://img.youtube.com/vi/ty3U4R8fbLI/0.jpg,장비 없이 섹시한 BACK 라인 만들기,전신,https://www.youtube.com/embed/ty3U4R8fbLI?rel=0&autoplay=1
https://img.youtube.com/vi/xe0uCCkSRp4/0.jpg,덤벨을 이용한 Full 바디 운동,전신,https://www.youtube.com/embed/xe0uCCkSRp4?rel=0&autoplay=1
https://img.youtube.com/vi/B4HbkXFlrJA/0.jpg,조용하게 운동을 할수 있는 1번째 전신운동,전신,https://www.youtube.com/embed/B4HbkXFlrJA?rel=0&autoplay=1
https://img.youtube.com/vi/VGKYhBmHOI4/0.jpg,복싱 동작을 활용하여 칼로리 소비하기,전신,https://www.youtube.com/embed/VGKYhBmHOI4?rel=0&autoplay=1
https://img.youtube.com/vi/mmq5zZfmIws/0.jpg,음악에 몸을 맡겨 전신 7분 운동,전신,https://www.youtube.com/embed/mmq5zZfmIws?rel=0&autoplay=1
https://img.youtube.com/vi/tfTCykKtE7M/0.jpg,캐시언니의 아파트 실내에서 탁월한 운동,전신,https://www.youtube.com/embed/tfTCykKtE7M?rel=0&autoplay=1
https://img.youtube.com/vi/TNpXq-MFOz0/0.jpg,날씬한 팔뚝살과 섹시한 뒤태 만들기!,전신,https://www.youtube.com/embed/TNpXq-MFOz0?rel=0&autoplay=1
https://img.youtube.com/vi/Yiz8MrU94HE/0.jpg,쿠션으로 다양한 전신운동 - 초보자 운동,전신,https://www.youtube.com/embed/Yiz8MrU94HE?rel=0&autoplay=1
https://img.youtube.com/vi/FXDWtYsu1dQ/0.jpg,플랭크 동작을 응용한 7가지 플랭크 운동,전신,https://www.youtube.com/embed/FXDWtYsu1dQ?rel=0&autoplay=1
https://img.youtube.com/vi/qM03Ar9j250/0.jpg,체지방을 지우는 탁월한 운동 - 15분 전신운동,전신,https://www.youtube.com/embed/qM03Ar9j250?rel=0&autoplay=1
https://img.youtube.com/vi/ixjdNUtWN-Y/0.jpg,10대들을 위한 효과적인 8분 운동,전신,https://www.youtube.com/embed/ixjdNUtWN-Y?rel=0&autoplay=1
https://img.youtube.com/vi/_ZIOpLR4Lz4/0.jpg,초보자를 위한 20분 걷기 운동,전신,https://www.youtube.com/embed/_ZIOpLR4Lz4?rel=0&autoplay=1
https://img.youtube.com/vi/tfZKL3qnYE0/0.jpg,높은 강도 운동으로 1000 Kcal 소비하기,전신,https://www.youtube.com/embed/tfZKL3qnYE0?rel=0&autoplay=1
https://img.youtube.com/vi/jfQQ7tswfdM/0.jpg,45분 동안 500칼로리 소모되는 운동,전신,https://www.youtube.com/embed/jfQQ7tswfdM?rel=0&autoplay=1
https://img.youtube.com/vi/bQPmI72tajw/0.jpg,우월한 클로에 카다시안 운동법 - 레베카 루이즈,전신,https://www.youtube.com/embed/bQPmI72tajw?rel=0&autoplay=1
https://img.youtube.com/vi/gdrRP2tqPIo/0.jpg,30분 힙합 그루브로 지방 태우기,전신,https://www.youtube.com/embed/gdrRP2tqPIo?rel=0&autoplay=1
https://img.youtube.com/vi/WmosxodoUxk/0.jpg,레베카 언니의 아침 전신 운동,전신,https://www.youtube.com/embed/WmosxodoUxk?rel=0&autoplay=1
https://img.youtube.com/vi/UzMJ6dVwyRs/0.jpg,초보자를 위한 전신 25분 운동,전신,https://www.youtube.com/embed/UzMJ6dVwyRs?rel=0&autoplay=1
https://img.youtube.com/vi/6egcyZ1mFxo/0.jpg,부상 회복에 도움이 되는 의자 운동,전신,https://www.youtube.com/embed/6egcyZ1mFxo?rel=0&autoplay=1
https://img.youtube.com/vi/dqNCAJqAFxg/0.jpg,체력을 키워주는 전신덤벨운동,전신,https://www.youtube.com/embed/dqNCAJqAFxg?rel=0&autoplay=1
https://img.youtube.com/vi/o-n-HCXMUdw/0.jpg,20분 유산소 운동을 통해 체지방 불태우기,전신,https://www.youtube.com/embed/o-n-HCXMUdw?rel=0&autoplay=1
https://img.youtube.com/vi/Uh3QdLg9DCA/0.jpg,발레동작을 활용한 초급 전신운동,전신,https://www.youtube.com/embed/Uh3QdLg9DCA?rel=0&autoplay=1
https://img.youtube.com/vi/grvQMO25FKw/0.jpg,초보자를 위한 20분 전신운동,전신,https://www.youtube.com/embed/grvQMO25FKw?rel=0&autoplay=1
https://img.youtube.com/vi/5Neglgx9Jcw/0.jpg,10분동안 칼로리 불태우기 - 레베카 루이즈,전신,https://www.youtube.com/embed/5Neglgx9Jcw?rel=0&autoplay=1
https://img.youtube.com/vi/wm942ey8d6Q/0.jpg,어디에서나 할수 있는 전신지방 불태우기,전신,https://www.youtube.com/embed/wm942ey8d6Q?rel=0&autoplay=1
https://img.youtube.com/vi/RAHMnnIUeSk/0.jpg,몸의 옆라인을 가꿔주는 운동 [사이드 플랭크],전신,https://www.youtube.com/embed/RAHMnnIUeSk?rel=0&autoplay=1
https://img.youtube.com/vi/jUx4hUcr1ik/0.jpg,초보자을 위한 전신 운동,전신,https://www.youtube.com/embed/jUx4hUcr1ik?rel=0&autoplay=1
https://img.youtube.com/vi/3o6Vr3T_zi0/0.jpg,전신 바디 15분 운동,전신,https://www.youtube.com/embed/3o6Vr3T_zi0?rel=0&autoplay=1
https://img.youtube.com/vi/MPjnakiEWRo/0.jpg,레베카 언니가 아리아나 그란데 따라잡기,전신,https://www.youtube.com/embed/MPjnakiEWRo?rel=0&autoplay=1
https://img.youtube.com/vi/P921J1Fjoug/0.jpg,45분 근력운동을 통해 칼로리 불태우기,전신,https://www.youtube.com/embed/P921J1Fjoug?rel=0&autoplay=1
https://img.youtube.com/vi/JASkv4VugQU/0.jpg,체중 Down↓↓ 전신 Full 바디 운동,전신,https://www.youtube.com/embed/JASkv4VugQU?rel=0&autoplay=1
https://img.youtube.com/vi/cgTE_09hEDU/0.jpg,10분 운동을 통해 지방 불태우기,전신,https://www.youtube.com/embed/cgTE_09hEDU?rel=0&autoplay=1
https://img.youtube.com/vi/G8I0XO32tbA/0.jpg,신진대사를 높여주는 운동 - 칼로리 불태우기,전신,https://www.youtube.com/embed/G8I0XO32tbA?rel=0&autoplay=1
https://img.youtube.com/vi/6IKwWvvMFpw/0.jpg,초보자용 지방태우기 운동 - 10분 운동,전신,https://www.youtube.com/embed/6IKwWvvMFpw?rel=0&autoplay=1
https://img.youtube.com/vi/IjDcqZK3zpk/0.jpg,캐시언니의 유산소운동 여름 챌린지 2,전신,https://www.youtube.com/embed/IjDcqZK3zpk?rel=0&autoplay=1
https://img.youtube.com/vi/JdK_D-wuHG8/0.jpg,초보자를 위한 10분 전신운동,전신,https://www.youtube.com/embed/JdK_D-wuHG8?rel=0&autoplay=1
https://img.youtube.com/vi/FRDGlIJTVt8/0.jpg,효과 좋은 4분 운동 - 지방 불태우기,전신,https://www.youtube.com/embed/FRDGlIJTVt8?rel=0&autoplay=1
https://img.youtube.com/vi/bgdb5QgI9aU/0.jpg,45분 타바타 운동으로 칼로리 불태우기,전신,https://www.youtube.com/embed/bgdb5QgI9aU?rel=0&autoplay=1
https://img.youtube.com/vi/QHda9TQMOms/0.jpg,초보자를 위한 전신운동 - 10분 운동,전신,https://www.youtube.com/embed/QHda9TQMOms?rel=0&autoplay=1
https://img.youtube.com/vi/X1kMiRQq354/0.jpg,캐시언니의 아파트내 운동 시리즈 - 전신 지방 불태우기,전신,https://www.youtube.com/embed/X1kMiRQq354?rel=0&autoplay=1
https://img.youtube.com/vi/ByQ3z7PuS-c/0.jpg,레베카 언니의 체중감량 15분 전신 운동,전신,https://www.youtube.com/embed/ByQ3z7PuS-c?rel=0&autoplay=1
https://img.youtube.com/vi/WinsVGCnM30/0.jpg,비키니 바디 운동 - 팔&다리 운동,전신,https://www.youtube.com/embed/WinsVGCnM30?rel=0&autoplay=1
https://img.youtube.com/vi/5WCG80pfVPU/0.jpg,탄력있는 바디라인을 만들기,전신,https://www.youtube.com/embed/5WCG80pfVPU?rel=0&autoplay=1
https://img.youtube.com/vi/vlT3GSPUEGo/0.jpg,체중감량을 위한 강렬한 10분 운동,전신,https://www.youtube.com/embed/vlT3GSPUEGo?rel=0&autoplay=1
https://img.youtube.com/vi/RLV2x-Is13s/0.jpg,8분 운동으로 완벽한 바디 라인 만들기,전신,https://www.youtube.com/embed/RLV2x-Is13s?rel=0&autoplay=1
https://img.youtube.com/vi/pTe_t20vYHM/0.jpg,체지방 불태우기 - 5분 운동,전신,https://www.youtube.com/embed/pTe_t20vYHM?rel=0&autoplay=1
https://img.youtube.com/vi/nIwy1wg350g/0.jpg,20분 전신 운동으로 칼로리 불태우기,전신,https://www.youtube.com/embed/nIwy1wg350g?rel=0&autoplay=1
https://img.youtube.com/vi/Qn-EWs8-Yq0/0.jpg,40분 운동으로 400 칼로리 불태우기,전신,https://www.youtube.com/embed/Qn-EWs8-Yq0?rel=0&autoplay=1
https://img.youtube.com/vi/tWXDxI_e8ic/0.jpg,살아있는 모델 라인을 만들어주는 운동,전신,https://www.youtube.com/embed/tWXDxI_e8ic?rel=0&autoplay=1
https://img.youtube.com/vi/X_flLuDO3vg/0.jpg,레베카 언니의 여름 대비용 전신 Full 운동,전신,https://www.youtube.com/embed/X_flLuDO3vg?rel=0&autoplay=1
https://img.youtube.com/vi/Pl9NJQo8Hes/0.jpg,30분 전신 운동 - 체중감량 운동,전신,https://www.youtube.com/embed/Pl9NJQo8Hes?rel=0&autoplay=1
https://img.youtube.com/vi/Ybu8j8j1RB0/0.jpg,여름 대비! 전신 지방 불태우기,전신,https://www.youtube.com/embed/Ybu8j8j1RB0?rel=0&autoplay=1
https://img.youtube.com/vi/HvK530VrQ9s/0.jpg,누구든지 손쉽게 집에서 할수 있는 운동,전신,https://www.youtube.com/embed/HvK530VrQ9s?rel=0&autoplay=1
https://img.youtube.com/vi/1_382W8MrGc/0.jpg,유연성을 높여주는 발레 동작,전신,https://www.youtube.com/embed/1_382W8MrGc?rel=0&autoplay=1
https://img.youtube.com/vi/JkGgT2bKl-4/0.jpg,몸의 균형을 잡아주는 8가지 운동,전신,https://www.youtube.com/embed/JkGgT2bKl-4?rel=0&autoplay=1
https://img.youtube.com/vi/LNqwj_MYEAc/0.jpg,초보자용 칼로리 태우며 체중감량까지~,전신,https://www.youtube.com/embed/LNqwj_MYEAc?rel=0&autoplay=1
https://img.youtube.com/vi/qUq-1syH8kk/0.jpg,줄넘기를 활용한 20분 운동,전신,https://www.youtube.com/embed/qUq-1syH8kk?rel=0&autoplay=1
https://img.youtube.com/vi/eUifFebhw-A/0.jpg,초보자들을 위한 루틴 전신 운동,전신,https://www.youtube.com/embed/eUifFebhw-A?rel=0&autoplay=1
https://img.youtube.com/vi/EsIk5k2KNdk/0.jpg,티파니 언니와 수건을 활용한 20분 운동,전신,https://www.youtube.com/embed/EsIk5k2KNdk?rel=0&autoplay=1
https://img.youtube.com/vi/bgFrG_XviP0/0.jpg,짧은 시간에 Full 바디 운동 - 토탈 운동,전신,https://www.youtube.com/embed/bgFrG_XviP0?rel=0&autoplay=1
https://img.youtube.com/vi/qPRSkObwNa8/0.jpg,뒤태여신 만들어주는 등 운동법!,전신,https://www.youtube.com/embed/qPRSkObwNa8?rel=0&autoplay=1
https://img.youtube.com/vi/JTgGchzD7Oc/0.jpg,45분 Full 바디 운동으로 600칼로리 태우기,전신,https://www.youtube.com/embed/JTgGchzD7Oc?rel=0&autoplay=1
https://img.youtube.com/vi/QOVubmFIbFM/0.jpg,바디라인을 이쁘게 만들어주는 운동,전신,https://www.youtube.com/embed/QOVubmFIbFM?rel=0&autoplay=1
https://img.youtube.com/vi/WnUyWxIgI4k/0.jpg,아무 장비 없이 집에서 7분 운동,전신,https://www.youtube.com/embed/WnUyWxIgI4k?rel=0&autoplay=1
https://img.youtube.com/vi/We4NQbDMBmk/0.jpg,체중감량 및 지방을 불태우는 운동,전신,https://www.youtube.com/embed/We4NQbDMBmk?rel=0&autoplay=1
https://img.youtube.com/vi/tYklJf6Cnqk/0.jpg,균형적인 몸매를 만들수 있는 전신운동,전신,https://www.youtube.com/embed/tYklJf6Cnqk?rel=0&autoplay=1
https://img.youtube.com/vi/HZo2slTBU30/0.jpg,체중 감량에 탁월한 38분 운동,전신,https://www.youtube.com/embed/HZo2slTBU30?rel=0&autoplay=1
https://img.youtube.com/vi/psChz-f3NPQ/0.jpg,집에서 흔히 있는 장비로 운동하기,전신,https://www.youtube.com/embed/psChz-f3NPQ?rel=0&autoplay=1
https://img.youtube.com/vi/y02c9vaDRBw/0.jpg,전신 FULL 바디 운동 - 16분 운동,전신,https://www.youtube.com/embed/y02c9vaDRBw?rel=0&autoplay=1
https://img.youtube.com/vi/1fDHrKRqy34/0.jpg,15분동안 300칼로리 소모! 불타는 아침운동!,전신,https://www.youtube.com/embed/1fDHrKRqy34?rel=0&autoplay=1
https://img.youtube.com/vi/T8TOT9fiUNs/0.jpg,모닝 짐볼 5분 운동,전신,https://www.youtube.com/embed/T8TOT9fiUNs?rel=0&autoplay=1
https://img.youtube.com/vi/ZwFVhm-rsDE/0.jpg,10대~♥ 청소년을 위한 15분 전신운동,전신,https://www.youtube.com/embed/ZwFVhm-rsDE?rel=0&autoplay=1
https://img.youtube.com/vi/IWnpKBGyj8A/0.jpg,집에서 쉽게 할수있는 15분 전신운동,전신,https://www.youtube.com/embed/IWnpKBGyj8A?rel=0&autoplay=1
https://img.youtube.com/vi/AVmyVwddYig/0.jpg,여름대비! 이 운동으로 대비해보자!,전신,https://www.youtube.com/embed/AVmyVwddYig?rel=0&autoplay=1
https://img.youtube.com/vi/Q4P6zPOdD6s/0.jpg,트램폴린 7분 운동,전신,https://www.youtube.com/embed/Q4P6zPOdD6s?rel=0&autoplay=1
https://img.youtube.com/vi/4iFzrXCVYkM/0.jpg,리포머 활용한 전신 불태우기 운동!,전신,https://www.youtube.com/embed/4iFzrXCVYkM?rel=0&autoplay=1
https://img.youtube.com/vi/ui_IvV3Z-qg/0.jpg,복근+허벅지+팔 운동을 한번에!!,전신,https://www.youtube.com/embed/ui_IvV3Z-qg?rel=0&autoplay=1
https://img.youtube.com/vi/BLiWk9lAbZ4/0.jpg,수건이나 패드를 활용한 운동법,전신,https://www.youtube.com/embed/BLiWk9lAbZ4?rel=0&autoplay=1
https://img.youtube.com/vi/0KPpICARPGQ/0.jpg,20분 걷기 운동 체중감량 DOWN↓↓,전신,https://www.youtube.com/embed/0KPpICARPGQ?rel=0&autoplay=1
https://img.youtube.com/vi/eGapz-Kivwo/0.jpg,초급자를 위한 전신 운동 지방 태우기,전신,https://www.youtube.com/embed/eGapz-Kivwo?rel=0&autoplay=1
https://img.youtube.com/vi/3uf9x0k9QXs/0.jpg,섹시하고 숨막히는 뒤태 만들어주는 운동법!,전신,https://www.youtube.com/embed/3uf9x0k9QXs?rel=0&autoplay=1
https://img.youtube.com/vi/5dLBwcA3rcg/0.jpg,체력을 키우는 동시에 체중감량까지!!,전신,https://www.youtube.com/embed/5dLBwcA3rcg?rel=0&autoplay=1
https://img.youtube.com/vi/35G7AW78kxo/0.jpg,걷기운동을 통해 칼로리 죽이기 - 15분 운동,전신,https://www.youtube.com/embed/35G7AW78kxo?rel=0&autoplay=1
https://img.youtube.com/vi/bVqpfPFjQq4/0.jpg,근육강화와 몸매라인을 변화시키는 운동!,전신,https://www.youtube.com/embed/bVqpfPFjQq4?rel=0&autoplay=1
https://img.youtube.com/vi/QUCawq66H_w/0.jpg,짐볼을 활용한 전신 코어운동,전신,https://www.youtube.com/embed/QUCawq66H_w?rel=0&autoplay=1
https://img.youtube.com/vi/0j_DFiXBurE/0.jpg,30분동안 300칼로리 불태우기,전신,https://www.youtube.com/embed/0j_DFiXBurE?rel=0&autoplay=1
https://img.youtube.com/vi/tcKNLnmmKpU/0.jpg,등 라인을 탄력있게 만들어주는 운동,전신,https://www.youtube.com/embed/tcKNLnmmKpU?rel=0&autoplay=1
https://img.youtube.com/vi/etjM01Gzwig/0.jpg,볼을 활용한 8분 운동법,전신,https://www.youtube.com/embed/etjM01Gzwig?rel=0&autoplay=1
https://img.youtube.com/vi/hjp9U3Xr6VE/0.jpg,섹시한 Back 라인을 만들어주는 운동,전신,https://www.youtube.com/embed/hjp9U3Xr6VE?rel=0&autoplay=1
https://img.youtube.com/vi/sXxFjDYvNYE/0.jpg,12분 운동법 - 체중감량에 탁월한 운동,전신,https://www.youtube.com/embed/sXxFjDYvNYE?rel=0&autoplay=1
https://img.youtube.com/vi/jPOkZVIqlvY/0.jpg,유산소 운동으로 칼로리 소비하기,전신,https://www.youtube.com/embed/jPOkZVIqlvY?rel=0&autoplay=1
https://img.youtube.com/vi/lGfWLyuS0og/0.jpg,초보자도 쉽게! 집순이를 위한 홈 필라테스! 허리 가꾸기,복부,https://www.youtube.com/embed/lGfWLyuS0og?rel=0&autoplay=1
https://img.youtube.com/vi/-CEvMUWv750/0.jpg,홈필라테스 등장! 납작복부만들기 첫걸음,복부,https://www.youtube.com/embed/-CEvMUWv750?rel=0&autoplay=1
https://img.youtube.com/vi/nXRlRPiNJdg/0.jpg,집에서 하는 필라테스 _러브핸들 없애기,복부,https://www.youtube.com/embed/nXRlRPiNJdg?rel=0&autoplay=1
https://img.youtube.com/vi/YOMocSjfafQ/0.jpg,집에서 간단히 할 수 있는 복근운동- pt편,복부,https://www.youtube.com/embed/YOMocSjfafQ?rel=0&autoplay=1
https://img.youtube.com/vi/YOMocSjfafQ/0.jpg,"뱃살은 안녕, 복근탄탄 pt운동 ",복부,https://www.youtube.com/embed/YOMocSjfafQ?rel=0&autoplay=1
https://img.youtube.com/vi/qH8oC4G30EQ/0.jpg,헌드레드,복부,https://www.youtube.com/embed/qH8oC4G30EQ?rel=0&autoplay=1
https://img.youtube.com/vi/T3sRRTiIarA/0.jpg,8분만에 뱃살 집중공략!! 크런치 운동,복부,https://www.youtube.com/embed/T3sRRTiIarA?rel=0&autoplay=1
https://img.youtube.com/vi/Rsljw3JgY3c/0.jpg,7일 7분 배 지방 없애는 운동,복부,https://www.youtube.com/embed/Rsljw3JgY3c?rel=0&autoplay=1
https://img.youtube.com/vi/xbo--2_6qno/0.jpg,레베카 언니와 함께 복근 만들기,복부,https://www.youtube.com/embed/xbo--2_6qno?rel=0&autoplay=1
https://img.youtube.com/vi/JkqjHxr6Nvw/0.jpg,강도 높은 복부 운동,복부,https://www.youtube.com/embed/JkqjHxr6Nvw?rel=0&autoplay=1
https://img.youtube.com/vi/2CczmnzmEgs/0.jpg,10분 운동후 복부 지방 없애기,복부,https://www.youtube.com/embed/2CczmnzmEgs?rel=0&autoplay=1
https://img.youtube.com/vi/GQRoAiaiMxg/0.jpg,11자 복부라인으로 비키니 입자!,복부,https://www.youtube.com/embed/GQRoAiaiMxg?rel=0&autoplay=1
https://img.youtube.com/vi/K8Ih5WQNkHw/0.jpg,레베카 언니와 함께 필라테스 복부 운동,복부,https://www.youtube.com/embed/K8Ih5WQNkHw?rel=0&autoplay=1
https://img.youtube.com/vi/vbYwtgEFBXU/0.jpg,복부지방을 없애기 위한 10분 복부운동,복부,https://www.youtube.com/embed/vbYwtgEFBXU?rel=0&autoplay=1
https://img.youtube.com/vi/kzEc2ERXhZs/0.jpg,캐시언니의 초급용 복부 운동,복부,https://www.youtube.com/embed/kzEc2ERXhZs?rel=0&autoplay=1
https://img.youtube.com/vi/ByhejNNVPW4/0.jpg,여름시즌 몸매만들기 3탄! - 복부편,복부,https://www.youtube.com/embed/ByhejNNVPW4?rel=0&autoplay=1
https://img.youtube.com/vi/JAbYJjyWppw/0.jpg,10일간 허리의 지방을 제거해주는 운동,복부,https://www.youtube.com/embed/JAbYJjyWppw?rel=0&autoplay=1
https://img.youtube.com/vi/yL_dE81O_mw/0.jpg,7일동안 7분 운동으로 뱃살 제거하기,복부,https://www.youtube.com/embed/yL_dE81O_mw?rel=0&autoplay=1
https://img.youtube.com/vi/k877Z79GCOY/0.jpg,캐시 언니와 함께 러브핸들 없애기,복부,https://www.youtube.com/embed/k877Z79GCOY?rel=0&autoplay=1
https://img.youtube.com/vi/7-jQ71yAgWc/0.jpg,탄력있는 복부을 만들기 위한 15분 운동,복부,https://www.youtube.com/embed/7-jQ71yAgWc?rel=0&autoplay=1
https://img.youtube.com/vi/Jq5xlPjeYm4/0.jpg,초보자를 위한 최고의 5가지 복부 운동,복부,https://www.youtube.com/embed/Jq5xlPjeYm4?rel=0&autoplay=1
https://img.youtube.com/vi/JuYq2BffC-I/0.jpg,레베카 언니! 최고의 복부 10분 운동,복부,https://www.youtube.com/embed/JuYq2BffC-I?rel=0&autoplay=1
https://img.youtube.com/vi/Q-vuR4PJh2c/0.jpg,10분 운동으로 식스팩 만들기,복부,https://www.youtube.com/embed/Q-vuR4PJh2c?rel=0&autoplay=1
https://img.youtube.com/vi/boRMhMrWtWI/0.jpg,초보자도 쉽게 할수 있는 복부 운동,복부,https://www.youtube.com/embed/boRMhMrWtWI?rel=0&autoplay=1
https://img.youtube.com/vi/s9hSvNSHii0/0.jpg,배꼽 지방을 불태우는 운동,복부,https://www.youtube.com/embed/s9hSvNSHii0?rel=0&autoplay=1
https://img.youtube.com/vi/qAKBXPeZU_w/0.jpg,처진 뱃살 지방 태우기,복부,https://www.youtube.com/embed/qAKBXPeZU_w?rel=0&autoplay=1
https://img.youtube.com/vi/BIme5TfkPio/0.jpg,레베카 언니의 10분 복부 운동,복부,https://www.youtube.com/embed/BIme5TfkPio?rel=0&autoplay=1
https://img.youtube.com/vi/1EYMhw1JDmU/0.jpg,캐시언니의 효과적인 8분 복부 운동,복부,https://www.youtube.com/embed/1EYMhw1JDmU?rel=0&autoplay=1
https://img.youtube.com/vi/M6b37hswcks/0.jpg,탄탄한 복부를 위한 강도 높은 운동,복부,https://www.youtube.com/embed/M6b37hswcks?rel=0&autoplay=1
https://img.youtube.com/vi/FhwN2H08yxs/0.jpg,레베카 언니의 복부 요가 운동,복부,https://www.youtube.com/embed/FhwN2H08yxs?rel=0&autoplay=1
https://img.youtube.com/vi/GR6aGqMg0gY/0.jpg,레베카 언니의 추천 복부운동!,복부,https://www.youtube.com/embed/GR6aGqMg0gY?rel=0&autoplay=1
https://img.youtube.com/vi/KYf2_ASkWPI/0.jpg,아침 모닝 복부 운동,복부,https://www.youtube.com/embed/KYf2_ASkWPI?rel=0&autoplay=1
https://img.youtube.com/vi/QbkXvx61JkE/0.jpg,탄력있는 복근을 만들수 있는 4가지 운동,복부,https://www.youtube.com/embed/QbkXvx61JkE?rel=0&autoplay=1
https://img.youtube.com/vi/Rjxb2OIlT_I/0.jpg,복부 뱃살 한방에 날려버리자!,복부,https://www.youtube.com/embed/Rjxb2OIlT_I?rel=0&autoplay=1
https://img.youtube.com/vi/gNOJUIGnWFk/0.jpg,탄력있는 날씬한 복부 만들기!,복부,https://www.youtube.com/embed/gNOJUIGnWFk?rel=0&autoplay=1
https://img.youtube.com/vi/X7cY3DYRFwQ/0.jpg,레베카 언니의 6(six pack)팩 얻는 운동,복부,https://www.youtube.com/embed/X7cY3DYRFwQ?rel=0&autoplay=1
https://img.youtube.com/vi/IaRoSx9g3qI/0.jpg,캐시 언니와 함께 슬림한 허리를 만들수 있는 5가지 운동,복부,https://www.youtube.com/embed/IaRoSx9g3qI?rel=0&autoplay=1
https://img.youtube.com/vi/2Dia8Hx97oM/0.jpg,11자 복근을 만들수 있는 운동,복부,https://www.youtube.com/embed/2Dia8Hx97oM?rel=0&autoplay=1
https://img.youtube.com/vi/n0UZW-zuOkg/0.jpg,엠버 그레고리의 최고의 복부 운동,복부,https://www.youtube.com/embed/n0UZW-zuOkg?rel=0&autoplay=1
https://img.youtube.com/vi/Tn54X4DXYKE/0.jpg,체지방 빼는 복부비만 탈출 운동!,복부,https://www.youtube.com/embed/Tn54X4DXYKE?rel=0&autoplay=1
https://img.youtube.com/vi/s9B8YmiBfoo/0.jpg,슬림한 허리를 만들수 있는 챌린지3,복부,https://www.youtube.com/embed/s9B8YmiBfoo?rel=0&autoplay=1
https://img.youtube.com/vi/33WvQOMiDpI/0.jpg,슬림한 허리를 만들수 있는 챌린지2,복부,https://www.youtube.com/embed/33WvQOMiDpI?rel=0&autoplay=1
https://img.youtube.com/vi/rKdTHQZYr4s/0.jpg,짐볼로 환상적인 꿀복근 만들기!,복부,https://www.youtube.com/embed/rKdTHQZYr4s?rel=0&autoplay=1
https://img.youtube.com/vi/oLF-T-PcpEQ/0.jpg,30분 복부 지방 불태우기,복부,https://www.youtube.com/embed/oLF-T-PcpEQ?rel=0&autoplay=1
https://img.youtube.com/vi/yCFY_Nf4YJI/0.jpg,탄력있는 복부 만들기 - 2분 운동,복부,https://www.youtube.com/embed/yCFY_Nf4YJI?rel=0&autoplay=1
https://img.youtube.com/vi/0RdrzAjxZjU/0.jpg,슬림한 허리를 만들수 있는 챌린지1,복부,https://www.youtube.com/embed/0RdrzAjxZjU?rel=0&autoplay=1
https://img.youtube.com/vi/JZyy0JfUNXQ/0.jpg,캐시언니 5가지 코어 운동,복부,https://www.youtube.com/embed/JZyy0JfUNXQ?rel=0&autoplay=1
https://img.youtube.com/vi/oKZuH9evI60/0.jpg,허리를 이쁘게 만들어주는 베스트 복부운동,복부,https://www.youtube.com/embed/oKZuH9evI60?rel=0&autoplay=1
https://img.youtube.com/vi/iICb3keykAM/0.jpg,초보자을 위한 복부운동 - 4분 운동,복부,https://www.youtube.com/embed/iICb3keykAM?rel=0&autoplay=1
https://img.youtube.com/vi/bCxOXj0hZzg/0.jpg,허리 지방 불태우기 - 복부 운동,복부,https://www.youtube.com/embed/bCxOXj0hZzg?rel=0&autoplay=1
https://img.youtube.com/vi/io6-QIR5PVk/0.jpg,허리 라인을 줄일수 있는 최고의 운동,복부,https://www.youtube.com/embed/io6-QIR5PVk?rel=0&autoplay=1
https://img.youtube.com/vi/VXUPaYRnvwc/0.jpg,꽉 끼는 바지 위로 삐져나온 뱃살 여름 챌린지 4,복부,https://www.youtube.com/embed/VXUPaYRnvwc?rel=0&autoplay=1
https://img.youtube.com/vi/TITtnfTUV-Y/0.jpg,힙업 시키는 운동 - 20분 운동,복부,https://www.youtube.com/embed/TITtnfTUV-Y?rel=0&autoplay=1
https://img.youtube.com/vi/zJVQu_UmtAE/0.jpg,"휴가철 몸매관리, 탄탄한 복부와 팔뚝 만들기!",복부,https://www.youtube.com/embed/zJVQu_UmtAE?rel=0&autoplay=1
https://img.youtube.com/vi/mOHBTOd81uE/0.jpg,레베카언니의 강렬한 10분 복부 운동,복부,https://www.youtube.com/embed/mOHBTOd81uE?rel=0&autoplay=1
https://img.youtube.com/vi/G9s2Y9TYw6A/0.jpg,캐시언니의 탄탄복근 여름 챌린지 1,복부,https://www.youtube.com/embed/G9s2Y9TYw6A?rel=0&autoplay=1
https://img.youtube.com/vi/mYksHq_m49M/0.jpg,배꼽 지방 불태우기 - 10분 운동,복부,https://www.youtube.com/embed/mYksHq_m49M?rel=0&autoplay=1
https://img.youtube.com/vi/hypoEbUYvFc/0.jpg,레베카 언니가 추천하는 복부운동,복부,https://www.youtube.com/embed/hypoEbUYvFc?rel=0&autoplay=1
https://img.youtube.com/vi/g8huEdUgVBc/0.jpg,처진 뱃살을 탄력 뱃살로 만들기 - 7분 운동,복부,https://www.youtube.com/embed/g8huEdUgVBc?rel=0&autoplay=1
https://img.youtube.com/vi/RPWJpW2e2MY/0.jpg,10분 코어 운동,복부,https://www.youtube.com/embed/RPWJpW2e2MY?rel=0&autoplay=1
https://img.youtube.com/vi/-cTWFLA-_08/0.jpg,티파니 언니의 의자를 활용한 복부운동,복부,https://www.youtube.com/embed/-cTWFLA-_08?rel=0&autoplay=1
https://img.youtube.com/vi/NOH1pJIZNpA/0.jpg,탄력있는 복부라인 만들기 - 8분 운동,복부,https://www.youtube.com/embed/NOH1pJIZNpA?rel=0&autoplay=1
https://img.youtube.com/vi/FikdzDw4uHo/0.jpg,캐시언니의 아파트내 운동 시리즈 -복근 및 허벅지 운동,복부,https://www.youtube.com/embed/FikdzDw4uHo?rel=0&autoplay=1
https://img.youtube.com/vi/ipUAWibHL34/0.jpg,타올을 활용한 배꼽 지방을 불태우기,복부,https://www.youtube.com/embed/ipUAWibHL34?rel=0&autoplay=1
https://img.youtube.com/vi/cLjMH_dI1X8/0.jpg,음악에 맞쳐 칼로리 불태우기,복부,https://www.youtube.com/embed/cLjMH_dI1X8?rel=0&autoplay=1
https://img.youtube.com/vi/VCodZIhVYFY/0.jpg,캐시언니의 아파트내 운동 시리즈 - 허리운동,복부,https://www.youtube.com/embed/VCodZIhVYFY?rel=0&autoplay=1
https://img.youtube.com/vi/xyA49YF-02Q/0.jpg,복부지방 불태우기,복부,https://www.youtube.com/embed/xyA49YF-02Q?rel=0&autoplay=1
https://img.youtube.com/vi/ORDKc6VA5zg/0.jpg,효과 빠른 뱃살타파 운동법!,복부,https://www.youtube.com/embed/ORDKc6VA5zg?rel=0&autoplay=1
https://img.youtube.com/vi/CFyrjMlS7do/0.jpg,집에서 쉽게 7분 허리운동,복부,https://www.youtube.com/embed/CFyrjMlS7do?rel=0&autoplay=1
https://img.youtube.com/vi/mAw4VoF30VI/0.jpg,초보자를 위한 5분 복근운동,복부,https://www.youtube.com/embed/mAw4VoF30VI?rel=0&autoplay=1
https://img.youtube.com/vi/CKcYWBwFXWo/0.jpg,레베카 언니의 베스트 복부 운동 - 15분 운동,복부,https://www.youtube.com/embed/CKcYWBwFXWo?rel=0&autoplay=1
https://img.youtube.com/vi/LOBvTzh_NTo/0.jpg,베스트 10분 복부 운동 - 비키니 시리즈!,복부,https://www.youtube.com/embed/LOBvTzh_NTo?rel=0&autoplay=1
https://img.youtube.com/vi/qpngWmYbUo4/0.jpg,"여자들의 로망, 매끈한 허리 만들기!",복부,https://www.youtube.com/embed/qpngWmYbUo4?rel=0&autoplay=1
https://img.youtube.com/vi/DHM5rj05BOE/0.jpg,배 지방을 2주안에 잃게 하는 운동,복부,https://www.youtube.com/embed/DHM5rj05BOE?rel=0&autoplay=1
https://img.youtube.com/vi/52lzQYfWr54/0.jpg,슬림한 허리를 위한 최고의 운동 5가지,복부,https://www.youtube.com/embed/52lzQYfWr54?rel=0&autoplay=1
https://img.youtube.com/vi/tJC_SnuJhCU/0.jpg,강렬한 복부운동 - 10분 운동,복부,https://www.youtube.com/embed/tJC_SnuJhCU?rel=0&autoplay=1
https://img.youtube.com/vi/m-Nh4z-ye_8/0.jpg,발레 동작으로 탄력있는 복부 운동 배우기,복부,https://www.youtube.com/embed/m-Nh4z-ye_8?rel=0&autoplay=1
https://img.youtube.com/vi/d4V55fzSRjY/0.jpg,처진 엉덩이 ‘힙업’시켜주는 애플힙 운동법!,복부,https://www.youtube.com/embed/d4V55fzSRjY?rel=0&autoplay=1
https://img.youtube.com/vi/_neOkUCER3k/0.jpg,복부 이뿌게 만드는 운동 - 레베카 루이즈,복부,https://www.youtube.com/embed/_neOkUCER3k?rel=0&autoplay=1
https://img.youtube.com/vi/5ln07sKGppA/0.jpg,캐시의 6주 부트캠프 운동 - 2주차 복부편,복부,https://www.youtube.com/embed/5ln07sKGppA?rel=0&autoplay=1
https://img.youtube.com/vi/UrRqsriJaLo/0.jpg,지긋지긋한 뱃살과 이별하는 운동법!,복부,https://www.youtube.com/embed/UrRqsriJaLo?rel=0&autoplay=1
https://img.youtube.com/vi/wmvoAfLaZUM/0.jpg,15분 복부 운동 - 필라테스 동작,복부,https://www.youtube.com/embed/wmvoAfLaZUM?rel=0&autoplay=1
https://img.youtube.com/vi/JRXdzwhX9Fo/0.jpg,캐시 언니의 복부 집중 운동,복부,https://www.youtube.com/embed/JRXdzwhX9Fo?rel=0&autoplay=1
https://img.youtube.com/vi/eso1RcYshlk/0.jpg,낮은 아랫배를 불태우는 10분 운동,복부,https://www.youtube.com/embed/eso1RcYshlk?rel=0&autoplay=1
https://img.youtube.com/vi/CSRtn7N0lWI/0.jpg,뱃살 축소 복근운동 15분,복부,https://www.youtube.com/embed/CSRtn7N0lWI?rel=0&autoplay=1
https://img.youtube.com/vi/9fP1kezOsNA/0.jpg,아름다운 허리와 뒤태라인 만들기 운동!,복부,https://www.youtube.com/embed/9fP1kezOsNA?rel=0&autoplay=1
https://img.youtube.com/vi/2JaPrcdmmec/0.jpg,예쁜 뒷태라인 만들어주는 운동법,복부,https://www.youtube.com/embed/2JaPrcdmmec?rel=0&autoplay=1
https://img.youtube.com/vi/4z1nfGH0T7M/0.jpg,복부 지방 제거 -  5분 운동,복부,https://www.youtube.com/embed/4z1nfGH0T7M?rel=0&autoplay=1
https://img.youtube.com/vi/ZFNMV4Itodw/0.jpg,뻐근한 허리를 개운하게 해주는 [고관절 스트레칭],복부,https://www.youtube.com/embed/ZFNMV4Itodw?rel=0&autoplay=1
https://img.youtube.com/vi/a6qdJqPBgf4/0.jpg,캐시언니와 함께 복근 운동,복부,https://www.youtube.com/embed/a6qdJqPBgf4?rel=0&autoplay=1
https://img.youtube.com/vi/fFLVdv1C6vM/0.jpg,15분 복근 운동 - 레베카루이즈,복부,https://www.youtube.com/embed/fFLVdv1C6vM?rel=0&autoplay=1
https://img.youtube.com/vi/qEG2v_iDhbw/0.jpg,튀어나온 옆구리살 날씬하게 만들어주는 운동 [팽이 돌리기],복부,https://www.youtube.com/embed/qEG2v_iDhbw?rel=0&autoplay=1
https://img.youtube.com/vi/Vafo1FksKbs/0.jpg,하복부 살 빼는 데 도움되는 운동,복부,https://www.youtube.com/embed/Vafo1FksKbs?rel=0&autoplay=1
https://img.youtube.com/vi/Ne3r_hkTub8/0.jpg,꽉 끼는 바지 위로 삐져나온 뱃살 빼는 운동,복부,https://www.youtube.com/embed/Ne3r_hkTub8?rel=0&autoplay=1
https://img.youtube.com/vi/H14x5ms6ec8/0.jpg,비욘세 엉덩이를 만들어줄 [사이드 런지],복부,https://www.youtube.com/embed/H14x5ms6ec8?rel=0&autoplay=1
https://img.youtube.com/vi/u30ElgGF8yk/0.jpg,섹시한 복부 10분 운동,복부,https://www.youtube.com/embed/u30ElgGF8yk?rel=0&autoplay=1
https://img.youtube.com/vi/tmPvn_v2zFk/0.jpg,레베카 언니의 비키니 몸매를 만드는 6탄,복부,https://www.youtube.com/embed/tmPvn_v2zFk?rel=0&autoplay=1
https://img.youtube.com/vi/krQaiYFYwRI/0.jpg,복부 지방 불태우기 운동,복부,https://www.youtube.com/embed/krQaiYFYwRI?rel=0&autoplay=1
https://img.youtube.com/vi/bQd3UmTp_Hw/0.jpg,수건을 이용한 효과적인 뱃살타파 운동법,복부,https://www.youtube.com/embed/bQd3UmTp_Hw?rel=0&autoplay=1
https://img.youtube.com/vi/_y9FarBPojs/0.jpg,레베카 언니의 비키니 몸매를 만드는 3탄,복부,https://www.youtube.com/embed/_y9FarBPojs?rel=0&autoplay=1
https://img.youtube.com/vi/plxzmemMK-M/0.jpg,완벽한 뒷태 만들어주는 운동법,복부,https://www.youtube.com/embed/plxzmemMK-M?rel=0&autoplay=1
https://img.youtube.com/vi/nUvA_dcGKnI/0.jpg,아래 뱃살과 다리 안쪽살 빼주는 효과만점 운동법,복부,https://www.youtube.com/embed/nUvA_dcGKnI?rel=0&autoplay=1
https://img.youtube.com/vi/fXvTqrTTYxY/0.jpg,레바카 언니와 복근운동 배우기,복부,https://www.youtube.com/embed/fXvTqrTTYxY?rel=0&autoplay=1
https://img.youtube.com/vi/_nGpHv6fyCI/0.jpg,폼롤러 활용한 복부 불태우기 운동,복부,https://www.youtube.com/embed/_nGpHv6fyCI?rel=0&autoplay=1
https://img.youtube.com/vi/0CQ7riVMNJc/0.jpg,초보자를 위한 10분 복근 운동법,복부,https://www.youtube.com/embed/0CQ7riVMNJc?rel=0&autoplay=1
https://img.youtube.com/vi/WMeV2R75TM4/0.jpg,왕초보를 위한 복근 운동 5가지!,복부,https://www.youtube.com/embed/WMeV2R75TM4?rel=0&autoplay=1
https://img.youtube.com/vi/MtScKlqzq2s/0.jpg,옆구리와 뒷구리살 없애주는 운동,복부,https://www.youtube.com/embed/MtScKlqzq2s?rel=0&autoplay=1
https://img.youtube.com/vi/KlbKIju5Q3c/0.jpg,캐시 언니와 음악과 함께 초보자 복부운동,복부,https://www.youtube.com/embed/KlbKIju5Q3c?rel=0&autoplay=1
https://img.youtube.com/vi/Tx3bC9sKXtg/0.jpg,캐시 언니★11자 복근 운동법,복부,https://www.youtube.com/embed/Tx3bC9sKXtg?rel=0&autoplay=1
https://img.youtube.com/vi/f_25EbBvEEY/0.jpg,뱃살 파괴하는 복부운동 BEST 3,복부,https://www.youtube.com/embed/f_25EbBvEEY?rel=0&autoplay=1
https://img.youtube.com/vi/2StMfxboboM/0.jpg,탄탄한 명품 복근 만들어주는 운동 4가지,복부,https://www.youtube.com/embed/2StMfxboboM?rel=0&autoplay=1
https://img.youtube.com/vi/adU4_VV4lQI/0.jpg,뱃살 안녕! 복부지방 빼는 필라테스 운동,복부,https://www.youtube.com/embed/adU4_VV4lQI?rel=0&autoplay=1
https://img.youtube.com/vi/bSPH6TW4DTc/0.jpg,운동 초보자를 위한 뱃살빼기 운동 BEST 3,복부,https://www.youtube.com/embed/bSPH6TW4DTc?rel=0&autoplay=1
https://img.youtube.com/vi/PxqULz3LQxg/0.jpg,옆구리살 활활 불태우는 필라테스 운동,복부,https://www.youtube.com/embed/PxqULz3LQxg?rel=0&autoplay=1
https://img.youtube.com/vi/MSq8WEGoTK4/0.jpg,튀어나온 뱃살 빼주는 필라테스 운동 BEST 3,복부,https://www.youtube.com/embed/MSq8WEGoTK4?rel=0&autoplay=1
https://img.youtube.com/vi/UA31gx5nhYw/0.jpg,옆구리살과 승마살이 빠지는 필라테스 운동,복부,https://www.youtube.com/embed/UA31gx5nhYw?rel=0&autoplay=1
https://img.youtube.com/vi/JgTE4ihI_dA/0.jpg,옆구리 살 빼는 최고의 복근 운동 4가지,복부,https://www.youtube.com/embed/JgTE4ihI_dA?rel=0&autoplay=1
https://img.youtube.com/vi/A6fGF3Rn6z4/0.jpg,탄력 복근 만들기 - 복부 운동,복부,https://www.youtube.com/embed/A6fGF3Rn6z4?rel=0&autoplay=1
https://img.youtube.com/vi/h3g53p280Y8/0.jpg,레베카루이즈x르꼬끄 엉덩이운동,복부,https://www.youtube.com/embed/h3g53p280Y8?rel=0&autoplay=1
https://img.youtube.com/vi/qeMt7wf6wzI/0.jpg,옆구리와 복부비만 잡는 운동 [바이시클 크런치],복부,https://www.youtube.com/embed/qeMt7wf6wzI?rel=0&autoplay=1
https://img.youtube.com/vi/-H9SgV8id7c/0.jpg,이쁜 배꼽 만들기,복부,https://www.youtube.com/embed/-H9SgV8id7c?rel=0&autoplay=1
https://img.youtube.com/vi/e1CbLS60CkQ/0.jpg,20분안에 탄력있는 힙업 배우기,복부,https://www.youtube.com/embed/e1CbLS60CkQ?rel=0&autoplay=1
https://img.youtube.com/vi/COQGnnuYgD8/0.jpg,내장지방 빼는 핫한 전신운동 BEST 4,복부,https://www.youtube.com/embed/COQGnnuYgD8?rel=0&autoplay=1
https://img.youtube.com/vi/ku08UsztIBc/0.jpg,복부 지방 태우기,복부,https://www.youtube.com/embed/ku08UsztIBc?rel=0&autoplay=1
https://img.youtube.com/vi/gqmLWMs26Zg/0.jpg,고강도 5분 복근운동,복부,https://www.youtube.com/embed/gqmLWMs26Zg?rel=0&autoplay=1
https://img.youtube.com/vi/JDYBSDh6fsE/0.jpg,옆구리살 날리는 15분 운동,복부,https://www.youtube.com/embed/JDYBSDh6fsE?rel=0&autoplay=1
https://img.youtube.com/vi/Kbbcu2LvqcI/0.jpg,6분 복근운동,복부,https://www.youtube.com/embed/Kbbcu2LvqcI?rel=0&autoplay=1
https://img.youtube.com/vi/BSzPJXOIoVY/0.jpg,식스팩을 위한 복근운동,복부,https://www.youtube.com/embed/BSzPJXOIoVY?rel=0&autoplay=1
https://img.youtube.com/vi/XTH5saFBDqA/0.jpg,10분 댄스로 복근운동,복부,https://www.youtube.com/embed/XTH5saFBDqA?rel=0&autoplay=1
https://img.youtube.com/vi/pPXbs9zL_Uc/0.jpg,[복부운동] 의자나 침대에서 할 수 있는 복부 운동,복부,https://www.youtube.com/embed/pPXbs9zL_Uc?rel=0&autoplay=1
https://img.youtube.com/vi/ezCCQUHFuGY/0.jpg,술배 걱정 NO! 불금 히트 운동법!,복부,https://www.youtube.com/embed/ezCCQUHFuGY?rel=0&autoplay=1
https://img.youtube.com/vi/yv4sbu1nda8/0.jpg,복부 5분 운동법,복부,https://www.youtube.com/embed/yv4sbu1nda8?rel=0&autoplay=1
https://img.youtube.com/vi/snUr2X-HW5A/0.jpg,체지방률 낮춰주는 복부 다이어트 운동 [크리스 크로스],복부,https://www.youtube.com/embed/snUr2X-HW5A?rel=0&autoplay=1
https://img.youtube.com/vi/iPPblyt9mgI/0.jpg,윗배와 허벅지를 동시에 빼는 운동,복부,https://www.youtube.com/embed/iPPblyt9mgI?rel=0&autoplay=1
https://img.youtube.com/vi/HvJ-UwgoSW4/0.jpg,옆구리 다이어트 필수 운동 BEST 4,복부,https://www.youtube.com/embed/HvJ-UwgoSW4?rel=0&autoplay=1
https://img.youtube.com/vi/zvyA6KVDHfE/0.jpg,날씬한 복부를 만들어주는 스트레칭 [더블 스트레이트 레그],복부,https://www.youtube.com/embed/zvyA6KVDHfE?rel=0&autoplay=1
https://img.youtube.com/vi/j5ruLNpF5pg/0.jpg,복부 힘을 길러주는 [ 싱글 스트레이트 레그 ],복부,https://www.youtube.com/embed/j5ruLNpF5pg?rel=0&autoplay=1
https://img.youtube.com/vi/qVFOeuL9OsM/0.jpg,복부와 팔의 지방을 태워주는 운동,복부,https://www.youtube.com/embed/qVFOeuL9OsM?rel=0&autoplay=1
https://img.youtube.com/vi/yEyP72aoZ24/0.jpg,복부와 옆구리 살빼는 운동 [팻다운 마운틴 클라이머 4단계],복부,https://www.youtube.com/embed/yEyP72aoZ24?rel=0&autoplay=1
https://img.youtube.com/vi/Ip0grO5YW14/0.jpg,매력적인 복근 만들기 운동 BEST 4,복부,https://www.youtube.com/embed/Ip0grO5YW14?rel=0&autoplay=1
https://img.youtube.com/vi/58xIgIT2RLk/0.jpg,[도전!다신5기] 스탠딩사이드니업,복부,https://www.youtube.com/embed/58xIgIT2RLk?rel=0&autoplay=1
https://img.youtube.com/vi/fakIBcm3sG4/0.jpg,[도전!다신5기] 레그레이즈,복부,https://www.youtube.com/embed/fakIBcm3sG4?rel=0&autoplay=1
https://img.youtube.com/vi/6I3OrBd5Mos/0.jpg,[도전!다신5기] 마운트클라이밍,복부,https://www.youtube.com/embed/6I3OrBd5Mos?rel=0&autoplay=1
https://img.youtube.com/vi/w-kjnKrSCA0/0.jpg,[도전!다신5기] 스타피쉬크런치,복부,https://www.youtube.com/embed/w-kjnKrSCA0?rel=0&autoplay=1
https://img.youtube.com/vi/euP1mG1DOEI/0.jpg,흔들리는 팔뚝 살을 빼고 싶다면 [팔뚝살 없는 예쁜라인 만들기],상체,https://www.youtube.com/embed/euP1mG1DOEI?rel=0&autoplay=1
https://img.youtube.com/vi/qH8oC4G30EQ/0.jpg,집에서 연예인 같은 11자 복근 만들기,상체,https://www.youtube.com/embed/qH8oC4G30EQ?rel=0&autoplay=1
https://img.youtube.com/vi/g7IL2KpQZbc/0.jpg,초보자도 쉽게! 집순이를 위한 홈 필라테스! 어깨 이완 운동,상체,https://www.youtube.com/embed/g7IL2KpQZbc?rel=0&autoplay=1
https://img.youtube.com/vi/vaxmAqNvWxM/0.jpg,초보자도 쉽게! 집순이를 위한 홈 필라테스! 바른 척추라인 만들기,상체,https://www.youtube.com/embed/vaxmAqNvWxM?rel=0&autoplay=1
https://img.youtube.com/vi/0T6XcIdavVQ/0.jpg,초보자도 쉽게! 집순이를 위한 홈 필라테스! 탄탄한 가슴 만들기,상체,https://www.youtube.com/embed/0T6XcIdavVQ?rel=0&autoplay=1
https://img.youtube.com/vi/cbosK3M2k7o/0.jpg,초보자도 쉽게! 집순이를 위한 홈 필라테스! 팔뚝살 가꾸기,상체,https://www.youtube.com/embed/cbosK3M2k7o?rel=0&autoplay=1
https://img.youtube.com/vi/nfeKGxQkLhc/0.jpg,헬스장 3분 운동! T-set 상체&전신운동편 ,상체,https://www.youtube.com/embed/nfeKGxQkLhc?rel=0&autoplay=1
https://img.youtube.com/vi/HjuLMMNfWC4/0.jpg,헬스장 3분 운동! T-set 상체운동편 ,상체,https://www.youtube.com/embed/HjuLMMNfWC4?rel=0&autoplay=1
https://img.youtube.com/vi/Wu6D-CqDyX8/0.jpg,팔뚝살 없애버리기 딱 좋은 팔운동 (헬스장 ver),상체,https://www.youtube.com/embed/Wu6D-CqDyX8?rel=0&autoplay=1
https://img.youtube.com/vi/HvGC1OdCNRk/0.jpg,헬스장에서 쉽게 하는 가슴운동,상체,https://www.youtube.com/embed/HvGC1OdCNRk?rel=0&autoplay=1
https://img.youtube.com/vi/iiLT6_Ccfwo/0.jpg,어서와 헬스장은 처음이지? 이 영상 하나면 헬스장 극복완료!,상체,https://www.youtube.com/embed/iiLT6_Ccfwo?rel=0&autoplay=1
https://img.youtube.com/vi/euP1mG1DOEI/0.jpg,벤치딥스,상체,https://www.youtube.com/embed/euP1mG1DOEI?rel=0&autoplay=1
https://img.youtube.com/vi/jDrDvhLKcUM/0.jpg,밴드로우,상체,https://www.youtube.com/embed/jDrDvhLKcUM?rel=0&autoplay=1
https://img.youtube.com/vi/U4J6NwAc8ag/0.jpg,어깨라인을 살려주는 5가지 운동,상체,https://www.youtube.com/embed/U4J6NwAc8ag?rel=0&autoplay=1
https://img.youtube.com/vi/cLLDc_WOrYk/0.jpg,발레 동작을 활용한 팔 10분 운동,상체,https://www.youtube.com/embed/cLLDc_WOrYk?rel=0&autoplay=1
https://img.youtube.com/vi/moo4_xVnzrI/0.jpg,여름시즌 몸매만들기 2탄! - 상체편,상체,https://www.youtube.com/embed/moo4_xVnzrI?rel=0&autoplay=1
https://img.youtube.com/vi/Y2did1lMbd4/0.jpg,캐시언니의 상체&복부 운동,상체,https://www.youtube.com/embed/Y2did1lMbd4?rel=0&autoplay=1
https://img.youtube.com/vi/r98iJWWkGSc/0.jpg,상체 지방을 태울수 있는 탁월한 운동,상체,https://www.youtube.com/embed/r98iJWWkGSc?rel=0&autoplay=1
https://img.youtube.com/vi/0fgUNu54WAo/0.jpg,덤벨을 이용한 상체운동,상체,https://www.youtube.com/embed/0fgUNu54WAo?rel=0&autoplay=1
https://img.youtube.com/vi/Vd7lxGNOCFU/0.jpg,높은 강도의 상체운동,상체,https://www.youtube.com/embed/Vd7lxGNOCFU?rel=0&autoplay=1
https://img.youtube.com/vi/WiqTAa9n66I/0.jpg,슬림한 팔 라인을 갖기 위한 최고의 5가지 운동,상체,https://www.youtube.com/embed/WiqTAa9n66I?rel=0&autoplay=1
https://img.youtube.com/vi/Z-f1ZA-lxxM/0.jpg,레베카 언니의 최고의 팔 운동,상체,https://www.youtube.com/embed/Z-f1ZA-lxxM?rel=0&autoplay=1
https://img.youtube.com/vi/ndazkaDbmD0/0.jpg,레베카 언니의 상체 지방 태우기,상체,https://www.youtube.com/embed/ndazkaDbmD0?rel=0&autoplay=1
https://img.youtube.com/vi/S8FLiYY-jMg/0.jpg,레베카 언니가 추천하는 가슴운동,상체,https://www.youtube.com/embed/S8FLiYY-jMg?rel=0&autoplay=1
https://img.youtube.com/vi/y_sNnUnQL_4/0.jpg,맨몸으로 하는 최고의 상체 근력 운동!,상체,https://www.youtube.com/embed/y_sNnUnQL_4?rel=0&autoplay=1
https://img.youtube.com/vi/6t4NoLCQT9o/0.jpg,옷빨 잘 받는 탄탄한 어깨라인 만들기!,상체,https://www.youtube.com/embed/6t4NoLCQT9o?rel=0&autoplay=1
https://img.youtube.com/vi/OXBQfoPvidY/0.jpg,섹시한 팔 라인 만들기,상체,https://www.youtube.com/embed/OXBQfoPvidY?rel=0&autoplay=1
https://img.youtube.com/vi/XDwSG_01ha8/0.jpg,캐시언니가 추천하는 5가지 팔 운동법,상체,https://www.youtube.com/embed/XDwSG_01ha8?rel=0&autoplay=1
https://img.youtube.com/vi/F1d1Y4A8LMs/0.jpg,레베카언니 팔 지방 불태우는 운동,상체,https://www.youtube.com/embed/F1d1Y4A8LMs?rel=0&autoplay=1
https://img.youtube.com/vi/JC346--xtas/0.jpg,상체운동 끝판왕! 플랭크 & 푸쉬업 한번에!,상체,https://www.youtube.com/embed/JC346--xtas?rel=0&autoplay=1
https://img.youtube.com/vi/bYcxgprwYw4/0.jpg,가슴 Volume Up! 시켜주는 5가지 운동,상체,https://www.youtube.com/embed/bYcxgprwYw4?rel=0&autoplay=1
https://img.youtube.com/vi/PowsvwZ-tlQ/0.jpg,탄력있는 상체를 만들수 있는 상체운동 여름 챌린지 5,상체,https://www.youtube.com/embed/PowsvwZ-tlQ?rel=0&autoplay=1
https://img.youtube.com/vi/l1gx5GHwT2o/0.jpg,난이도가 있는 상체 10분 운동,상체,https://www.youtube.com/embed/l1gx5GHwT2o?rel=0&autoplay=1
https://img.youtube.com/vi/Prwnn_gYcx8/0.jpg,탄력있는 팔 라인을 만드는 베스트 6 운동,상체,https://www.youtube.com/embed/Prwnn_gYcx8?rel=0&autoplay=1
https://img.youtube.com/vi/-43olo1ytqQ/0.jpg,레베카 언니의 가슴라인 지방을 불태우기,상체,https://www.youtube.com/embed/-43olo1ytqQ?rel=0&autoplay=1
https://img.youtube.com/vi/v-oRxq2O7oQ/0.jpg,운동 초보자도 해볼만한 푸쉬업 동작!,상체,https://www.youtube.com/embed/v-oRxq2O7oQ?rel=0&autoplay=1
https://img.youtube.com/vi/jqF51XUKF80/0.jpg,레베카언니의 상체 운동 베스트,상체,https://www.youtube.com/embed/jqF51XUKF80?rel=0&autoplay=1
https://img.youtube.com/vi/hCL1uj_GQFo/0.jpg,군살없이 탄력있는 팔뚝 만들기!,상체,https://www.youtube.com/embed/hCL1uj_GQFo?rel=0&autoplay=1
https://img.youtube.com/vi/SkMjxWAKF8w/0.jpg,"탄력있는 팔,어깨라인 만들기",상체,https://www.youtube.com/embed/SkMjxWAKF8w?rel=0&autoplay=1
https://img.youtube.com/vi/YeePPT9D_Mg/0.jpg,섹시한 팔 라인 만들기,상체,https://www.youtube.com/embed/YeePPT9D_Mg?rel=0&autoplay=1
https://img.youtube.com/vi/Mlex28M-_Tk/0.jpg,5분의 기적 Best 팔 운동,상체,https://www.youtube.com/embed/Mlex28M-_Tk?rel=0&autoplay=1
https://img.youtube.com/vi/HY0eJv22NHw/0.jpg,캐시언니의 아파트내 운동 시리즈 - 팔 운동,상체,https://www.youtube.com/embed/HY0eJv22NHw?rel=0&autoplay=1
https://img.youtube.com/vi/vxx7fD3XaM4/0.jpg,초보자를 위한 가벼운 팔운동,상체,https://www.youtube.com/embed/vxx7fD3XaM4?rel=0&autoplay=1
https://img.youtube.com/vi/hfwSrjaSBT8/0.jpg,섹시한 팔 만들기 - 5분 운동,상체,https://www.youtube.com/embed/hfwSrjaSBT8?rel=0&autoplay=1
https://img.youtube.com/vi/O3Vf-Tr0NrQ/0.jpg,캐시의 6주 부트캠프 운동 - 5주차 팔 편,상체,https://www.youtube.com/embed/O3Vf-Tr0NrQ?rel=0&autoplay=1
https://img.youtube.com/vi/o3nkJRV6Un8/0.jpg,아령을 활용한 상체 운동,상체,https://www.youtube.com/embed/o3nkJRV6Un8?rel=0&autoplay=1
https://img.youtube.com/vi/i35TRSsmTMw/0.jpg,레베카 언니의 15분 상체 운동,상체,https://www.youtube.com/embed/i35TRSsmTMw?rel=0&autoplay=1
https://img.youtube.com/vi/AGWQzkIjEM0/0.jpg,팔과 어깨라인을 살려주는 운동,상체,https://www.youtube.com/embed/AGWQzkIjEM0?rel=0&autoplay=1
https://img.youtube.com/vi/HHND_kLtlGs/0.jpg,레베카 언니가 추천하는 상체 운동법!,상체,https://www.youtube.com/embed/HHND_kLtlGs?rel=0&autoplay=1
https://img.youtube.com/vi/sGFy7wiW4v0/0.jpg,"어깨는 펴주고, 몸매는 예뻐지는 운동!",상체,https://www.youtube.com/embed/sGFy7wiW4v0?rel=0&autoplay=1
https://img.youtube.com/vi/7zGXQV0WjmQ/0.jpg,덤벨을 활용한 레베카 언니의 팔 운동,상체,https://www.youtube.com/embed/7zGXQV0WjmQ?rel=0&autoplay=1
https://img.youtube.com/vi/20FrIUxx-iI/0.jpg,캐시언니 추천한 5가지 상체 운동,상체,https://www.youtube.com/embed/20FrIUxx-iI?rel=0&autoplay=1
https://img.youtube.com/vi/yx7J38vdl-M/0.jpg,"앞으로 웅크린 어깨, 쫙~펴주는 운동!",상체,https://www.youtube.com/embed/yx7J38vdl-M?rel=0&autoplay=1
https://img.youtube.com/vi/pezxtMsh6YE/0.jpg,"거북목, 굽은어깨, 비뚤어진 골반 바로 잡기 운동!",상체,https://www.youtube.com/embed/pezxtMsh6YE?rel=0&autoplay=1
https://img.youtube.com/vi/sPrcm99Re8A/0.jpg,섹시한 팔 운동법 - 쉽고 간단한 홈트레이닝,상체,https://www.youtube.com/embed/sPrcm99Re8A?rel=0&autoplay=1
https://img.youtube.com/vi/MD_h455KX30/0.jpg,굽은등과 거북목 교정해주는 운동법,상체,https://www.youtube.com/embed/MD_h455KX30?rel=0&autoplay=1
https://img.youtube.com/vi/14Fjv8jJ8IQ/0.jpg,가는 팔뚝과 여리여리한 어깨라인 만들기!,상체,https://www.youtube.com/embed/14Fjv8jJ8IQ?rel=0&autoplay=1
https://img.youtube.com/vi/NY1a3aqILCE/0.jpg,초보자를 위한 팔 운동!!,상체,https://www.youtube.com/embed/NY1a3aqILCE?rel=0&autoplay=1
https://img.youtube.com/vi/u0BE-ZAfn44/0.jpg,예쁜 쇄골라인&어깨라인을 위한 운동,상체,https://www.youtube.com/embed/u0BE-ZAfn44?rel=0&autoplay=1
https://img.youtube.com/vi/FiPkYIH1vnw/0.jpg,쉽게 따라할수 있는 팔운동법!!,상체,https://www.youtube.com/embed/FiPkYIH1vnw?rel=0&autoplay=1
https://img.youtube.com/vi/1yNxzIKgHy0/0.jpg,처진 팔뚝살에 탄력을 불어넣는 운동법,상체,https://www.youtube.com/embed/1yNxzIKgHy0?rel=0&autoplay=1
https://img.youtube.com/vi/vMcR_x8lS3Y/0.jpg,지방 축적되기 쉬운 뒤팔뚝살 빼는 운동,상체,https://www.youtube.com/embed/vMcR_x8lS3Y?rel=0&autoplay=1
https://img.youtube.com/vi/uGj4XXDAESc/0.jpg,레베카 언니의 비키니 몸매를 만드는 4탄,상체,https://www.youtube.com/embed/uGj4XXDAESc?rel=0&autoplay=1
https://img.youtube.com/vi/bVmH9WgAK00/0.jpg,여리여리한 팔라인 만들기 운동법,상체,https://www.youtube.com/embed/bVmH9WgAK00?rel=0&autoplay=1
https://img.youtube.com/vi/-hZYbgTAYmI/0.jpg,덜렁덜렁 팔뚝살 탄력있게 만드는 운동,상체,https://www.youtube.com/embed/-hZYbgTAYmI?rel=0&autoplay=1
https://img.youtube.com/vi/0eqZaLmwIUA/0.jpg,아름다운 팔 라인 운동법,상체,https://www.youtube.com/embed/0eqZaLmwIUA?rel=0&autoplay=1
https://img.youtube.com/vi/afcH5QnHVnQ/0.jpg,어깨라인이 예뻐지는 운동법,상체,https://www.youtube.com/embed/afcH5QnHVnQ?rel=0&autoplay=1
https://img.youtube.com/vi/uUuP8KjoFgM/0.jpg,날씬하고 탱탱한 팔을 만들어주는 운동 [트라이셉스 익스텐션],상체,https://www.youtube.com/embed/uUuP8KjoFgM?rel=0&autoplay=1
https://img.youtube.com/vi/HwjapZ3_e8A/0.jpg,출렁이는 `팔뚝살` 빼주는 홈트레이닝 운동,상체,https://www.youtube.com/embed/HwjapZ3_e8A?rel=0&autoplay=1
https://img.youtube.com/vi/PjZTH2RtogA/0.jpg,예쁜 쇄골라인 만들어주는 운동,상체,https://www.youtube.com/embed/PjZTH2RtogA?rel=0&autoplay=1
https://img.youtube.com/vi/1yCRGqzp4rs/0.jpg,캐시언니와 함께 팔 지방 빼는 운동,상체,https://www.youtube.com/embed/1yCRGqzp4rs?rel=0&autoplay=1
https://img.youtube.com/vi/94hMk05dTws/0.jpg,상체의 긴장 완화 시켜주는 요가동작,상체,https://www.youtube.com/embed/94hMk05dTws?rel=0&autoplay=1
https://img.youtube.com/vi/PkIWobWW4bw/0.jpg,레베카루이즈x르꼬끄 상체운동,상체,https://www.youtube.com/embed/PkIWobWW4bw?rel=0&autoplay=1
https://img.youtube.com/vi/qSjBngOOdQI/0.jpg,[폼 롤러] 하루를 마무리하는 릴리즈 상체운동법,상체,https://www.youtube.com/embed/qSjBngOOdQI?rel=0&autoplay=1
https://img.youtube.com/vi/i85WUbYQSbI/0.jpg,[티파니운동] 복싱으로 10분 전신운동,상체,https://www.youtube.com/embed/i85WUbYQSbI?rel=0&autoplay=1
https://img.youtube.com/vi/pBC6N3MbBRA/0.jpg,여자들도 쉽게 할 수 있는 푸쉬업 운동 BEST 4,상체,https://www.youtube.com/embed/pBC6N3MbBRA?rel=0&autoplay=1
https://img.youtube.com/vi/QRmrtd8UIO8/0.jpg,몸라인을 가꾸는데 효과적인 운동,상체,https://www.youtube.com/embed/QRmrtd8UIO8?rel=0&autoplay=1
https://img.youtube.com/vi/KPXMD5uyk24/0.jpg,예쁜 상체 만들어주는 [세라밴드 상체운동법 2탄],상체,https://www.youtube.com/embed/KPXMD5uyk24?rel=0&autoplay=1
https://img.youtube.com/vi/VNC7G3kmhDM/0.jpg,어깨통증 완화시켜주는 운동 BEST 4,상체,https://www.youtube.com/embed/VNC7G3kmhDM?rel=0&autoplay=1
https://img.youtube.com/vi/md1fi0NyyiA/0.jpg,예쁜 상체 만들어주는 [세라밴드 상체 운동법 1탄],상체,https://www.youtube.com/embed/md1fi0NyyiA?rel=0&autoplay=1
https://img.youtube.com/vi/H_AXvG7AhBg/0.jpg,[도전!다신5기] 업앤다운플랭크,상체,https://www.youtube.com/embed/H_AXvG7AhBg?rel=0&autoplay=1
https://img.youtube.com/vi/CvtTVfMBaIA/0.jpg,[도전!다신5기] 덤벨컬,상체,https://www.youtube.com/embed/CvtTVfMBaIA?rel=0&autoplay=1
https://img.youtube.com/vi/8e3xTj-Afmk/0.jpg,[도전!다신5기] 벤트오버덤벨로우,상체,https://www.youtube.com/embed/8e3xTj-Afmk?rel=0&autoplay=1
https://img.youtube.com/vi/ymjCQhc8Wts/0.jpg,[도전!다신5기] 덤벨프레스,상체,https://www.youtube.com/embed/ymjCQhc8Wts?rel=0&autoplay=1
https://img.youtube.com/vi/qau_i-U7UKQ/0.jpg,[도전!다신5기] 쓰러스트,상체,https://www.youtube.com/embed/qau_i-U7UKQ?rel=0&autoplay=1
https://img.youtube.com/vi/SFs5GZJpgEU/0.jpg,[도전!다신5기] 슈퍼맨 랫 풀 다운,상체,https://www.youtube.com/embed/SFs5GZJpgEU?rel=0&autoplay=1
https://img.youtube.com/vi/OIxZtVRDUy0/0.jpg,[도전!다신5기] 니 푸쉬업,상체,https://www.youtube.com/embed/OIxZtVRDUy0?rel=0&autoplay=1
https://img.youtube.com/vi/03c2tbIyQN4/0.jpg,골반을 여는 요가 동작,상체,https://www.youtube.com/embed/03c2tbIyQN4?rel=0&autoplay=1
https://img.youtube.com/vi/idrZYvjtKxA/0.jpg,매끈한 팔라인 만들기 운동 BEST 4,상체,https://www.youtube.com/embed/idrZYvjtKxA?rel=0&autoplay=1
https://img.youtube.com/vi/2joUctwc5KU/0.jpg,여름 대비 팔뚝살 빼기 운동,상체,https://www.youtube.com/embed/2joUctwc5KU?rel=0&autoplay=1
https://img.youtube.com/vi/sBbXGzxRLBI/0.jpg,쇄골라인이 예뻐지는 운동 BEST 4,상체,https://www.youtube.com/embed/sBbXGzxRLBI?rel=0&autoplay=1
https://img.youtube.com/vi/EtEh11hSCls/0.jpg,처진 가슴 살려주는 운동 BEST 4,상체,https://www.youtube.com/embed/EtEh11hSCls?rel=0&autoplay=1
https://img.youtube.com/vi/F1CohjEGbPc/0.jpg,캐시 6분 섹시한 팔운동,상체,https://www.youtube.com/embed/F1CohjEGbPc?rel=0&autoplay=1
https://img.youtube.com/vi/hAGfBjvIRFI/0.jpg,팔운동,상체,https://www.youtube.com/embed/hAGfBjvIRFI?rel=0&autoplay=1
https://img.youtube.com/vi/JeQNt-nwIwM/0.jpg,올록볼록 등살 잡아주는 운동,상체,https://www.youtube.com/embed/JeQNt-nwIwM?rel=0&autoplay=1
https://img.youtube.com/vi/TqvVENYS6BQ/0.jpg,완벽한 어깨 뒷라인을 위한 [후면 삼각근 운동],상체,https://www.youtube.com/embed/TqvVENYS6BQ?rel=0&autoplay=1
https://img.youtube.com/vi/65TBjhSU4P8/0.jpg, 위로 향하는 개자세 연결 동작,상체,https://www.youtube.com/embed/65TBjhSU4P8?rel=0&autoplay=1
https://img.youtube.com/vi/pgoChnleZNI/0.jpg,겨드랑이부터 가슴살까지 한 번에 빼주는 [푸시업 운동],상체,https://www.youtube.com/embed/pgoChnleZNI?rel=0&autoplay=1
https://img.youtube.com/vi/mNP-OPswyLI/0.jpg,매력적인 뒤태 만드는 등살 빼기 운동 BEST 4,상체,https://www.youtube.com/embed/mNP-OPswyLI?rel=0&autoplay=1
https://img.youtube.com/vi/G_xmiTX0hIA/0.jpg,굳은목과 어깨결림에 좋은 운동 [푸시업 플러스],상체,https://www.youtube.com/embed/G_xmiTX0hIA?rel=0&autoplay=1
https://img.youtube.com/vi/Ppm-KCRtGuU/0.jpg,뒤 팔뚝살 빼주는 운동 [라잉 트라이셉스 익스텐션],상체,https://www.youtube.com/embed/Ppm-KCRtGuU?rel=0&autoplay=1
https://img.youtube.com/vi/WhAI5J722ik/0.jpg,등근육을 풀어주는 [승모근 운동],상체,https://www.youtube.com/embed/WhAI5J722ik?rel=0&autoplay=1
https://img.youtube.com/vi/fItbJrkziW4/0.jpg,아름다운 등라인 만들기 운동 BEST 4,상체,https://www.youtube.com/embed/fItbJrkziW4?rel=0&autoplay=1
https://img.youtube.com/vi/qb_8GavZFMc/0.jpg,섹시한 뒤태를 만드는 운동,상체,https://www.youtube.com/embed/qb_8GavZFMc?rel=0&autoplay=1
https://img.youtube.com/vi/PkIWobWW4bw/0.jpg,레베카루이즈 르꼬끄 상체운동,상체,https://www.youtube.com/embed/PkIWobWW4bw?rel=0&autoplay=1
https://img.youtube.com/vi/qCrGCSMYiSY/0.jpg,5분만에 섹시한 팔라인 만들기,상체,https://www.youtube.com/embed/qCrGCSMYiSY?rel=0&autoplay=1
https://img.youtube.com/vi/Sf8K8HLF-I8/0.jpg,덤벨킥백,상체,https://www.youtube.com/embed/Sf8K8HLF-I8?rel=0&autoplay=1
https://img.youtube.com/vi/CR0E5d6t_j8/0.jpg,라잉 트레이셉스 오버헤드 익스텐션,상체,https://www.youtube.com/embed/CR0E5d6t_j8?rel=0&autoplay=1
https://img.youtube.com/vi/Z1-y_neuO9w/0.jpg,[도전! 다신3기] oblique line up ,상체,https://www.youtube.com/embed/Z1-y_neuO9w?rel=0&autoplay=1
https://img.youtube.com/vi/b80Tb0Ye8vs/0.jpg,[도전! 다신3기] flank arch ,상체,https://www.youtube.com/embed/b80Tb0Ye8vs?rel=0&autoplay=1
https://img.youtube.com/vi/QGV-8jSRhFc/0.jpg,[도전!다신3기] Balance Spine ,상체,https://www.youtube.com/embed/QGV-8jSRhFc?rel=0&autoplay=1
https://img.youtube.com/vi/tS6XzQHTLEo/0.jpg,미란다커 복근 만들기,상체,https://www.youtube.com/embed/tS6XzQHTLEo?rel=0&autoplay=1
https://img.youtube.com/vi/fvGJtEW3_Vg/0.jpg,빠른 복근 운동,상체,https://www.youtube.com/embed/fvGJtEW3_Vg?rel=0&autoplay=1
https://img.youtube.com/vi/jpTQdM7okkI/0.jpg,"옆구리,허리 운동",상체,https://www.youtube.com/embed/jpTQdM7okkI?rel=0&autoplay=1
https://img.youtube.com/vi/cotQbfDUBAA/0.jpg,[도전!다신2기 과제] 굿모닝,상체,https://www.youtube.com/embed/cotQbfDUBAA?rel=0&autoplay=1
https://img.youtube.com/vi/FDKYqV02q88/0.jpg,[도전!다신2기 과제] 크런치 ,상체,https://www.youtube.com/embed/FDKYqV02q88?rel=0&autoplay=1
https://img.youtube.com/vi/hxbAYErEHo4/0.jpg,러브핸들 빼는 법,상체,https://www.youtube.com/embed/hxbAYErEHo4?rel=0&autoplay=1
https://img.youtube.com/vi/CRGrcSDhynQ/0.jpg,기구가 필요없는 상체 운동,상체,https://www.youtube.com/embed/CRGrcSDhynQ?rel=0&autoplay=1
https://img.youtube.com/vi/_KGNq7PEHkU/0.jpg,10분 상체 운동,상체,https://www.youtube.com/embed/_KGNq7PEHkU?rel=0&autoplay=1
https://img.youtube.com/vi/0uuegGiEHCM/0.jpg,섹시한 허리를 위한 6분 운동,상체,https://www.youtube.com/embed/0uuegGiEHCM?rel=0&autoplay=1
https://img.youtube.com/vi/yENYdGnxmhg/0.jpg,홀쭉한 허리를 위한 코르셋 운동,상체,https://www.youtube.com/embed/yENYdGnxmhg?rel=0&autoplay=1
https://img.youtube.com/vi/go8rGQro3dY/0.jpg,날씬한 상체를 위한 운동,상체,https://www.youtube.com/embed/go8rGQro3dY?rel=0&autoplay=1
https://img.youtube.com/vi/FaSRUhrMeAg/0.jpg,날씬한 팔 만들기,상체,https://www.youtube.com/embed/FaSRUhrMeAg?rel=0&autoplay=1
https://img.youtube.com/vi/i5grcb3MXOU/0.jpg,민소매를 위한 팔 운동,상체,https://www.youtube.com/embed/i5grcb3MXOU?rel=0&autoplay=1
https://img.youtube.com/vi/i299Oy_zRz0/0.jpg,늘어진 팔뚝살 빼기,상체,https://www.youtube.com/embed/i299Oy_zRz0?rel=0&autoplay=1
https://img.youtube.com/vi/lY6SZoUcuAE/0.jpg,20분 동안 섹시한 팔 만들기,상체,https://www.youtube.com/embed/lY6SZoUcuAE?rel=0&autoplay=1
https://img.youtube.com/vi/QJxnG9Hk2nM/0.jpg,웨이트 없이 하는 어깨 & 팔 운동,상체,https://www.youtube.com/embed/QJxnG9Hk2nM?rel=0&autoplay=1
https://img.youtube.com/vi/dzWc0JTsPhg/0.jpg,쳐지고 늘어진 팔뚝 살 빼는 동작,상체,https://www.youtube.com/embed/dzWc0JTsPhg?rel=0&autoplay=1
https://img.youtube.com/vi/S3Cc0SZNFvI/0.jpg,팔뚝살 빼는 법,상체,https://www.youtube.com/embed/S3Cc0SZNFvI?rel=0&autoplay=1
https://img.youtube.com/vi/x0V4lm5O9ow/0.jpg,섹시한 등을 위한 운동,상체,https://www.youtube.com/embed/x0V4lm5O9ow?rel=0&autoplay=1
https://img.youtube.com/vi/WDiHXt22jek/0.jpg,허리 힘을 길러주는 운동,상체,https://www.youtube.com/embed/WDiHXt22jek?rel=0&autoplay=1
https://img.youtube.com/vi/_tv4KgtZ04k/0.jpg,슬림한 팔다리를 위한 운동,상체,https://www.youtube.com/embed/_tv4KgtZ04k?rel=0&autoplay=1
https://img.youtube.com/vi/oDgab1SMGz4/0.jpg,등살빼기 3가지 동작,상체,https://www.youtube.com/embed/oDgab1SMGz4?rel=0&autoplay=1
https://img.youtube.com/vi/cF0niVnmMY0/0.jpg,팔 운동 베스트,상체,https://www.youtube.com/embed/cF0niVnmMY0?rel=0&autoplay=1
https://img.youtube.com/vi/dxUWgnWrOno/0.jpg,섹시한 등 만들기,상체,https://www.youtube.com/embed/dxUWgnWrOno?rel=0&autoplay=1
https://img.youtube.com/vi/sNbgaujdVK0/0.jpg,빅토리아 시크릿 모델 팔뚝 만들기,상체,https://www.youtube.com/embed/sNbgaujdVK0?rel=0&autoplay=1
https://img.youtube.com/vi/z12zMFQUE_g/0.jpg,등살빼기 운동,상체,https://www.youtube.com/embed/z12zMFQUE_g?rel=0&autoplay=1
https://img.youtube.com/vi/MO87_yr7pjo/0.jpg,팔뚝살 완전타파 운동,상체,https://www.youtube.com/embed/MO87_yr7pjo?rel=0&autoplay=1
https://img.youtube.com/vi/_0NV8lZSb7Q/0.jpg,결혼앞둔 신부들을 위한 팔뚝운동,상체,https://www.youtube.com/embed/_0NV8lZSb7Q?rel=0&autoplay=1
https://img.youtube.com/vi/oUychjqfO8I/0.jpg,8분 상체운동,상체,https://www.youtube.com/embed/oUychjqfO8I?rel=0&autoplay=1
https://img.youtube.com/vi/zBaBIBLvrUA/0.jpg,가슴운동/등운동,상체,https://www.youtube.com/embed/zBaBIBLvrUA?rel=0&autoplay=1
https://img.youtube.com/vi/P5ZnMdx4wCo/0.jpg,섹시한 팔뚝을 위한 상체운동,상체,https://www.youtube.com/embed/P5ZnMdx4wCo?rel=0&autoplay=1
https://img.youtube.com/vi/f3Wb4ylCeiQ/0.jpg,가슴 근육 단련,상체,https://www.youtube.com/embed/f3Wb4ylCeiQ?rel=0&autoplay=1
https://img.youtube.com/vi/9WTpgyYEz3M/0.jpg,초보자도 쉽게! 집순이를 위한 홈 필라테스 운동 루틴 셀룰라이트.다리 붓기 제거,하체,https://www.youtube.com/embed/9WTpgyYEz3M?rel=0&autoplay=1
https://img.youtube.com/vi/mAS5qbRUkFs/0.jpg,"탄력있고 매력적인 뒷태 만들기 [하체 살빼기, 애플힙 만들기]",하체,https://www.youtube.com/embed/mAS5qbRUkFs?rel=0&autoplay=1
https://img.youtube.com/vi/m_NAkNpcz3Q/0.jpg,초보자도 쉽게! 집순이를 위한 홈 필레티스! 폼롤러 종아리 알빼기,하체,https://www.youtube.com/embed/m_NAkNpcz3Q?rel=0&autoplay=1
https://img.youtube.com/vi/tKY-3k5CMQk/0.jpg,초보자도 쉽게! 집순이를 위한 홈 필라테스! 허벅지 안쪽 라인 만들기,하체,https://www.youtube.com/embed/tKY-3k5CMQk?rel=0&autoplay=1
https://img.youtube.com/vi/wfwLWniOJc4/0.jpg,초보자도 쉽게! 집순이를 위한 홈 필라테스! 다리 각선미 만들기,하체,https://www.youtube.com/embed/wfwLWniOJc4?rel=0&autoplay=1
https://img.youtube.com/vi/INSX8a0wTxo/0.jpg,집순이를 위한 홈 필라테스 운동 루틴! 애플힙 만들기,하체,https://www.youtube.com/embed/INSX8a0wTxo?rel=0&autoplay=1
https://img.youtube.com/vi/nXRlRPiNJdg/0.jpg,엉덩이가 예뻐지는 힙업운동,하체,https://www.youtube.com/embed/nXRlRPiNJdg?rel=0&autoplay=1
https://img.youtube.com/vi/S-1Eei0hWAU/0.jpg,힙업운동 스트레칭 워크아웃2,하체,https://www.youtube.com/embed/S-1Eei0hWAU?rel=0&autoplay=1
https://img.youtube.com/vi/onMr1kzv6Oc/0.jpg,힙업운동 워크아웃,하체,https://www.youtube.com/embed/onMr1kzv6Oc?rel=0&autoplay=1
https://img.youtube.com/vi/VYUEvYf3Lms/0.jpg,하체운동 모음 ,하체,https://www.youtube.com/embed/VYUEvYf3Lms?rel=0&autoplay=1
https://img.youtube.com/vi/q2zDT4x06Ic/0.jpg,뒷태여신 운동모음,하체,https://www.youtube.com/embed/q2zDT4x06Ic?rel=0&autoplay=1
https://img.youtube.com/vi/mAS5qbRUkFs/0.jpg,런지리프트,하체,https://www.youtube.com/embed/mAS5qbRUkFs?rel=0&autoplay=1
https://img.youtube.com/vi/PzqNepp-MTo/0.jpg,탄력있는 허벅지 만드는 5분 필라테스,하체,https://www.youtube.com/embed/PzqNepp-MTo?rel=0&autoplay=1
https://img.youtube.com/vi/6XpGQ2EhfUQ/0.jpg,탄탄한 엉덩이를 위한 5분 스쿼트 운동,하체,https://www.youtube.com/embed/6XpGQ2EhfUQ?rel=0&autoplay=1
https://img.youtube.com/vi/dCgmZ66Qa9k/0.jpg,30분동안 350칼로리 불태우는 다리 운동,하체,https://www.youtube.com/embed/dCgmZ66Qa9k?rel=0&autoplay=1
https://img.youtube.com/vi/en4xjgti5fU/0.jpg,레베카언니와 함께 하체 집중 운동,하체,https://www.youtube.com/embed/en4xjgti5fU?rel=0&autoplay=1
https://img.youtube.com/vi/zLBFQ_mFl2E/0.jpg,NO JUMPING! 슬림한 다리 만들기 운동,하체,https://www.youtube.com/embed/zLBFQ_mFl2E?rel=0&autoplay=1
https://img.youtube.com/vi/xBIFUYjpnVw/0.jpg,아침 기상후 다리를 슬림하게 만드는 4분 운동,하체,https://www.youtube.com/embed/xBIFUYjpnVw?rel=0&autoplay=1
https://img.youtube.com/vi/koSJQbtukHY/0.jpg,여름시즌 몸매만들기 4탄! - 하체편,하체,https://www.youtube.com/embed/koSJQbtukHY?rel=0&autoplay=1
https://img.youtube.com/vi/_e8eCZKJPnw/0.jpg,집에서 필라테스 운동으로 하체 단련하기,하체,https://www.youtube.com/embed/_e8eCZKJPnw?rel=0&autoplay=1
https://img.youtube.com/vi/WwLXtEJPh_I/0.jpg,레베카 언니의 하체 라인 살려주는 10분 운동,하체,https://www.youtube.com/embed/WwLXtEJPh_I?rel=0&autoplay=1
https://img.youtube.com/vi/tJqbw66CBKw/0.jpg,셀룰라이트를 없애는 10분 운동,하체,https://www.youtube.com/embed/tJqbw66CBKw?rel=0&autoplay=1
https://img.youtube.com/vi/3eFn13DPhS4/0.jpg,캐시언니와 함께 힙업 높여주는 운동,하체,https://www.youtube.com/embed/3eFn13DPhS4?rel=0&autoplay=1
https://img.youtube.com/vi/IUVIeKuP2bA/0.jpg,레베카 언니의 다리라인 이쁘게 만들기,하체,https://www.youtube.com/embed/IUVIeKuP2bA?rel=0&autoplay=1
https://img.youtube.com/vi/OKGX7gQnxpc/0.jpg,수면 전 다리라인 이쁘게 만들어주는 3분운동,하체,https://www.youtube.com/embed/OKGX7gQnxpc?rel=0&autoplay=1
https://img.youtube.com/vi/kvHEqpwHoFo/0.jpg,"엉덩이,허벅지 지방 불태우기",하체,https://www.youtube.com/embed/kvHEqpwHoFo?rel=0&autoplay=1
https://img.youtube.com/vi/IIpBCMwdn2Y/0.jpg,캐시언니의 허벅지 단련하는 운동,하체,https://www.youtube.com/embed/IIpBCMwdn2Y?rel=0&autoplay=1
https://img.youtube.com/vi/o0rN5hgB3Z4/0.jpg,10분 하체 필라테스 운동,하체,https://www.youtube.com/embed/o0rN5hgB3Z4?rel=0&autoplay=1
https://img.youtube.com/vi/zBztJ7J9beg/0.jpg,캐시언니의 베개를 활용한 다리운동,하체,https://www.youtube.com/embed/zBztJ7J9beg?rel=0&autoplay=1
https://img.youtube.com/vi/boGLt-xSb4Q/0.jpg,아령을 활용한 탄력있는 다리라인 만들기,하체,https://www.youtube.com/embed/boGLt-xSb4Q?rel=0&autoplay=1
https://img.youtube.com/vi/kFZYQKMFhJw/0.jpg,스키 동작을 응용한 하체 운동,하체,https://www.youtube.com/embed/kFZYQKMFhJw?rel=0&autoplay=1
https://img.youtube.com/vi/REFSXurvDTM/0.jpg,하체 집중 운동법 - 허벅지 특화,하체,https://www.youtube.com/embed/REFSXurvDTM?rel=0&autoplay=1
https://img.youtube.com/vi/6MxVvu4tAjU/0.jpg,킥복싱 동작으로 허벅지 지방 불태우기,하체,https://www.youtube.com/embed/6MxVvu4tAjU?rel=0&autoplay=1
https://img.youtube.com/vi/BjkU05LoY7A/0.jpg,15분 허벅지 집중 운동,하체,https://www.youtube.com/embed/BjkU05LoY7A?rel=0&autoplay=1
https://img.youtube.com/vi/qyaMZiChWM0/0.jpg,캐시언니의 슈퍼 히어로 테마 운동 - 춘리편,하체,https://www.youtube.com/embed/qyaMZiChWM0?rel=0&autoplay=1
https://img.youtube.com/vi/-RfsfNsp1vs/0.jpg,4주동안 허벅지 지방을 빨리 잃는 5가지 운동,하체,https://www.youtube.com/embed/-RfsfNsp1vs?rel=0&autoplay=1
https://img.youtube.com/vi/mKGgWVaIrP0/0.jpg,허벅지 안쪽 바깥쪽 5분 운동,하체,https://www.youtube.com/embed/mKGgWVaIrP0?rel=0&autoplay=1
https://img.youtube.com/vi/8jYV-GwzB0s/0.jpg,런지 운동을 응용하여 힙업 시키기!,하체,https://www.youtube.com/embed/8jYV-GwzB0s?rel=0&autoplay=1
https://img.youtube.com/vi/1ibbX_2Beqs/0.jpg,체중감량에 특화된 20분 하체 운동,하체,https://www.youtube.com/embed/1ibbX_2Beqs?rel=0&autoplay=1
https://img.youtube.com/vi/-qf-H_rK7Vg/0.jpg,레베카 언니의 HIP DIPS 없어지는 운동,하체,https://www.youtube.com/embed/-qf-H_rK7Vg?rel=0&autoplay=1
https://img.youtube.com/vi/GIAm7F4mFEM/0.jpg,섹시한 하체 라인 만들기 운동,하체,https://www.youtube.com/embed/GIAm7F4mFEM?rel=0&autoplay=1
https://img.youtube.com/vi/oNPiwfh35UA/0.jpg,탄탄한 하체 집중 10분 강화 운동,하체,https://www.youtube.com/embed/oNPiwfh35UA?rel=0&autoplay=1
https://img.youtube.com/vi/nST2PVVSlS0/0.jpg,엠버 그레고리의 최고의 다리운동,하체,https://www.youtube.com/embed/nST2PVVSlS0?rel=0&autoplay=1
https://img.youtube.com/vi/SeeuEGEN_tI/0.jpg,13분 다리&코어 운동,하체,https://www.youtube.com/embed/SeeuEGEN_tI?rel=0&autoplay=1
https://img.youtube.com/vi/ZLbo3ily4M0/0.jpg,2주안에 셀룰라이트 사라지게 하는 6가지 운동,하체,https://www.youtube.com/embed/ZLbo3ily4M0?rel=0&autoplay=1
https://img.youtube.com/vi/-i9gIwGDAoU/0.jpg,10분 운동으로 허벅지 지방 태우기,하체,https://www.youtube.com/embed/-i9gIwGDAoU?rel=0&autoplay=1
https://img.youtube.com/vi/fo8mrdGKipU/0.jpg,캐시언니가 추천하는 허벅지 5가지 운동법,하체,https://www.youtube.com/embed/fo8mrdGKipU?rel=0&autoplay=1
https://img.youtube.com/vi/H91uN_7Fngw/0.jpg,탄력있는 하체와 잘록한 허리 만들기!,하체,https://www.youtube.com/embed/H91uN_7Fngw?rel=0&autoplay=1
https://img.youtube.com/vi/g2Xw8c9Ab2s/0.jpg,탄력있는 엉덩이를 만들기,하체,https://www.youtube.com/embed/g2Xw8c9Ab2s?rel=0&autoplay=1
https://img.youtube.com/vi/uyBySoB6hNs/0.jpg,5가지 동작으로 최고의 힙업 운동,하체,https://www.youtube.com/embed/uyBySoB6hNs?rel=0&autoplay=1
https://img.youtube.com/vi/zS1aoQ4mmy8/0.jpg,"탄력잃은 엉덩이, 애플힙 만들기!",하체,https://www.youtube.com/embed/zS1aoQ4mmy8?rel=0&autoplay=1
https://img.youtube.com/vi/1zeXUQ0XnKM/0.jpg,군살없는 옆구리와 날씬한 하체 만들기!,하체,https://www.youtube.com/embed/1zeXUQ0XnKM?rel=0&autoplay=1
https://img.youtube.com/vi/4my6dYwPDTc/0.jpg,11자복근과 탄력있는 엉덩이로 탈바꿈해주는 운동!,하체,https://www.youtube.com/embed/4my6dYwPDTc?rel=0&autoplay=1
https://img.youtube.com/vi/UtSARFyV2Wg/0.jpg,허리 지방을 불태우는 운동,하체,https://www.youtube.com/embed/UtSARFyV2Wg?rel=0&autoplay=1
https://img.youtube.com/vi/H0_1sulrkr4/0.jpg,허벅지 바깥쪽 지방을 태우는 운동 여름 챌린지 6,하체,https://www.youtube.com/embed/H0_1sulrkr4?rel=0&autoplay=1
https://img.youtube.com/vi/7UgNfO-oxU0/0.jpg,모델 다리를 만들수 있는 하체운동,하체,https://www.youtube.com/embed/7UgNfO-oxU0?rel=0&autoplay=1
https://img.youtube.com/vi/0zadZAhDRQA/0.jpg,데드리프트로 탄탄한 하체 만들자!,하체,https://www.youtube.com/embed/0zadZAhDRQA?rel=0&autoplay=1
https://img.youtube.com/vi/SeiHx78kvH4/0.jpg,"복부 힘 기르면서, 아름다운 다리라인 만들자!",하체,https://www.youtube.com/embed/SeiHx78kvH4?rel=0&autoplay=1
https://img.youtube.com/vi/Dv3cAIikfME/0.jpg,허벅지 5분만에 지방 분해하기,하체,https://www.youtube.com/embed/Dv3cAIikfME?rel=0&autoplay=1
https://img.youtube.com/vi/z7J80Zuy1uI/0.jpg,캐시언니의 종아리운동 여름 챌린지 3,하체,https://www.youtube.com/embed/z7J80Zuy1uI?rel=0&autoplay=1
https://img.youtube.com/vi/yyCHJTpOGQk/0.jpg,집에서 의자를 활용한 간단한 하체 운동,하체,https://www.youtube.com/embed/yyCHJTpOGQk?rel=0&autoplay=1
https://img.youtube.com/vi/imBa1G9naiU/0.jpg,"목,등,허벅지 근육을 강화해주는 운동!",하체,https://www.youtube.com/embed/imBa1G9naiU?rel=0&autoplay=1
https://img.youtube.com/vi/NRNY3tJjabo/0.jpg,음악에 따라 섹시한 다리라인 만들기,하체,https://www.youtube.com/embed/NRNY3tJjabo?rel=0&autoplay=1
https://img.youtube.com/vi/DFhgfAupTm4/0.jpg,옆구리살 타파& 꿀벅지 만들기!,하체,https://www.youtube.com/embed/DFhgfAupTm4?rel=0&autoplay=1
https://img.youtube.com/vi/XGVPc_1hDYs/0.jpg,허벅지 지방 불태우기,하체,https://www.youtube.com/embed/XGVPc_1hDYs?rel=0&autoplay=1
https://img.youtube.com/vi/6naLO_3HUd0/0.jpg,야외 계단 운동으로 칼로리 불태우기,하체,https://www.youtube.com/embed/6naLO_3HUd0?rel=0&autoplay=1
https://img.youtube.com/vi/gzXHzkob2Os/0.jpg,완벽뒤태 위해 처진 엉덩이 업시키기!,하체,https://www.youtube.com/embed/gzXHzkob2Os?rel=0&autoplay=1
https://img.youtube.com/vi/JglMDTG29aA/0.jpg,골반미녀되기 위한 몸매관리법!,하체,https://www.youtube.com/embed/JglMDTG29aA?rel=0&autoplay=1
https://img.youtube.com/vi/N3NLqJLbsgo/0.jpg,섹시한 엉덩이를 만드는 힙업운동,하체,https://www.youtube.com/embed/N3NLqJLbsgo?rel=0&autoplay=1
https://img.youtube.com/vi/bqkUi06h9CQ/0.jpg,탄력있는 힙 만들기 어렵지 않아요!,하체,https://www.youtube.com/embed/bqkUi06h9CQ?rel=0&autoplay=1
https://img.youtube.com/vi/AJqA_cz-iFg/0.jpg,날씬한 다리를 만들수 있는 운동,하체,https://www.youtube.com/embed/AJqA_cz-iFg?rel=0&autoplay=1
https://img.youtube.com/vi/6tcJ7pJyClo/0.jpg,레베카 언니의 탄력있는 허벅지 라인 만들기,하체,https://www.youtube.com/embed/6tcJ7pJyClo?rel=0&autoplay=1
https://img.youtube.com/vi/LTaTiXzoetU/0.jpg,부실한 하체근력과 코어근육을 키우자!,하체,https://www.youtube.com/embed/LTaTiXzoetU?rel=0&autoplay=1
https://img.youtube.com/vi/vda_2eMrGOA/0.jpg,뚱뚱한 허벅지 날씬하게 빼주는 운동!,하체,https://www.youtube.com/embed/vda_2eMrGOA?rel=0&autoplay=1
https://img.youtube.com/vi/64uh1RSGgd4/0.jpg,캐시언니의 아파트내 운동 시리즈 - 엉덩이 및 복부 운동,하체,https://www.youtube.com/embed/64uh1RSGgd4?rel=0&autoplay=1
https://img.youtube.com/vi/JJ1T3W4Aa8M/0.jpg,탄력있는 힙업을 도와주는 운동,하체,https://www.youtube.com/embed/JJ1T3W4Aa8M?rel=0&autoplay=1
https://img.youtube.com/vi/P6_9vc2LmPI/0.jpg,탄력있는 힙과 군살없는 옆구리 만들기!,하체,https://www.youtube.com/embed/P6_9vc2LmPI?rel=0&autoplay=1
https://img.youtube.com/vi/G0t_CtIZb_o/0.jpg,탄탄한 하체라인 만들기 - 비키니 시리즈,하체,https://www.youtube.com/embed/G0t_CtIZb_o?rel=0&autoplay=1
https://img.youtube.com/vi/EZkKsKjNaiY/0.jpg,의자를 활용한 다리운동,하체,https://www.youtube.com/embed/EZkKsKjNaiY?rel=0&autoplay=1
https://img.youtube.com/vi/AOxP7apBSto/0.jpg,저주 받은 하체에서 탈출하자!,하체,https://www.youtube.com/embed/AOxP7apBSto?rel=0&autoplay=1
https://img.youtube.com/vi/UzCMYxMCkPE/0.jpg,레베카 언니의 애플힙 운동,하체,https://www.youtube.com/embed/UzCMYxMCkPE?rel=0&autoplay=1
https://img.youtube.com/vi/RZgIv9tVvLE/0.jpg,20분 필라테스로 엉덩이와 허벅지 운동을~,하체,https://www.youtube.com/embed/RZgIv9tVvLE?rel=0&autoplay=1
https://img.youtube.com/vi/hURBOue-2xQ/0.jpg,핫팬츠 두렵지 않게 예쁜 다리라인 만들기!,하체,https://www.youtube.com/embed/hURBOue-2xQ?rel=0&autoplay=1
https://img.youtube.com/vi/73mtltcojZU/0.jpg,셀룰라이트 제거 운동 - 10분 운동,하체,https://www.youtube.com/embed/73mtltcojZU?rel=0&autoplay=1
https://img.youtube.com/vi/hgFThixGe70/0.jpg,고강도 다리운동으로 다리 라인 살리기,하체,https://www.youtube.com/embed/hgFThixGe70?rel=0&autoplay=1
https://img.youtube.com/vi/tfP5mLWgyjY/0.jpg,복부와 엉덩이 체지방 한방에 날려버리자!,하체,https://www.youtube.com/embed/tfP5mLWgyjY?rel=0&autoplay=1
https://img.youtube.com/vi/S6h-JG11PTc/0.jpg,캐시의 6주 부트캠프 운동 - 4주차 다리편,하체,https://www.youtube.com/embed/S6h-JG11PTc?rel=0&autoplay=1
https://img.youtube.com/vi/gi8OaPJSARw/0.jpg,초보자를 위한 탄력있는 다리 및 허벅지 만들기,하체,https://www.youtube.com/embed/gi8OaPJSARw?rel=0&autoplay=1
https://img.youtube.com/vi/nWttfZvOeoE/0.jpg,코끼리 다리 탈출 시켜주는 하체 운동법!,하체,https://www.youtube.com/embed/nWttfZvOeoE?rel=0&autoplay=1
https://img.youtube.com/vi/C4SZZupzcLs/0.jpg,캐시의 6주 부트캠프 운동 - 3주차 바디편,하체,https://www.youtube.com/embed/C4SZZupzcLs?rel=0&autoplay=1
https://img.youtube.com/vi/2CnIH9HeeO0/0.jpg,각선미 미인되는 골반라인 살려주는 운동법!,하체,https://www.youtube.com/embed/2CnIH9HeeO0?rel=0&autoplay=1
https://img.youtube.com/vi/CkC1KyLbz9I/0.jpg,발레 동작으로 이쁜 다리 만들기,하체,https://www.youtube.com/embed/CkC1KyLbz9I?rel=0&autoplay=1
https://img.youtube.com/vi/ILaeXBrch7M/0.jpg,예쁜 다리라인을 위한 비장의 하체운동!,하체,https://www.youtube.com/embed/ILaeXBrch7M?rel=0&autoplay=1
https://img.youtube.com/vi/8RYlmLIFNts/0.jpg,예쁜 다리를 만들수 있는 운동,하체,https://www.youtube.com/embed/8RYlmLIFNts?rel=0&autoplay=1
https://img.youtube.com/vi/7D0eVa3Pv7s/0.jpg,스트레칭으로 하체미인되기!,하체,https://www.youtube.com/embed/7D0eVa3Pv7s?rel=0&autoplay=1
https://img.youtube.com/vi/VEgsf5Op24I/0.jpg,캐시의 6주 부트캠프 운동 - 1주차 엉덩이편,하체,https://www.youtube.com/embed/VEgsf5Op24I?rel=0&autoplay=1
https://img.youtube.com/vi/wGwlz5YncVw/0.jpg,운동장비 없이 집에서 간단히 할수 있는 운동,하체,https://www.youtube.com/embed/wGwlz5YncVw?rel=0&autoplay=1
https://img.youtube.com/vi/wWGcqLOkGw8/0.jpg,힙업↑↑17분 하체 운동,하체,https://www.youtube.com/embed/wWGcqLOkGw8?rel=0&autoplay=1
https://img.youtube.com/vi/cvy8Nwg7nd8/0.jpg,걸그룹처럼 탄력있는 힙과 다리라인 만들기,하체,https://www.youtube.com/embed/cvy8Nwg7nd8?rel=0&autoplay=1
https://img.youtube.com/vi/d5iT5LJhUMU/0.jpg,다리 지방 제거 - 5분 운동,하체,https://www.youtube.com/embed/d5iT5LJhUMU?rel=0&autoplay=1
https://img.youtube.com/vi/8Ax_XxBxwew/0.jpg,매력적인 힙과 꿀벅지 만들어주는 [스쿼트와 런지],하체,https://www.youtube.com/embed/8Ax_XxBxwew?rel=0&autoplay=1
https://img.youtube.com/vi/h3tX5_tGc8c/0.jpg,허벅지 안쪽살 빠지는 10분 운동,하체,https://www.youtube.com/embed/h3tX5_tGc8c?rel=0&autoplay=1
https://img.youtube.com/vi/oJs7hzlHWco/0.jpg,다리 라인을 살려주는 운동,하체,https://www.youtube.com/embed/oJs7hzlHWco?rel=0&autoplay=1
https://img.youtube.com/vi/ymOvg-GSX2s/0.jpg,탄력있고 섹시한 다리 운동,하체,https://www.youtube.com/embed/ymOvg-GSX2s?rel=0&autoplay=1
https://img.youtube.com/vi/Dnu8ZRsmas8/0.jpg,옆구리살 파괴하는 S라인 만들기!,하체,https://www.youtube.com/embed/Dnu8ZRsmas8?rel=0&autoplay=1
https://img.youtube.com/vi/wOIu1eEZeYA/0.jpg,의자를 활용한 섹시한 다리만들기,하체,https://www.youtube.com/embed/wOIu1eEZeYA?rel=0&autoplay=1
https://img.youtube.com/vi/uaSsHiY5Lks/0.jpg,밴드 활용한 엉덩이 힙업시켜주는 운동,하체,https://www.youtube.com/embed/uaSsHiY5Lks?rel=0&autoplay=1
https://img.youtube.com/vi/j0rgbfeRFVA/0.jpg,캐시언니 힙업 5가지 운동,하체,https://www.youtube.com/embed/j0rgbfeRFVA?rel=0&autoplay=1
https://img.youtube.com/vi/hvXDWm2kmkM/0.jpg,틀어진 골반의 균형을 되찾아주는 운동법,하체,https://www.youtube.com/embed/hvXDWm2kmkM?rel=0&autoplay=1
https://img.youtube.com/vi/Hq_1ASA1f3c/0.jpg,하체 군살 제거해주는 운동법 [런지+달려라 하니],하체,https://www.youtube.com/embed/Hq_1ASA1f3c?rel=0&autoplay=1
https://img.youtube.com/vi/xQ9oGGG-qrY/0.jpg,허벅지를 얇게 만드는 운동 - 레베카 루이즈,하체,https://www.youtube.com/embed/xQ9oGGG-qrY?rel=0&autoplay=1
https://img.youtube.com/vi/mAyr206uzrg/0.jpg,하체 지방 불태우는 운동법 [꽃게 점프 스쿼트],하체,https://www.youtube.com/embed/mAyr206uzrg?rel=0&autoplay=1
https://img.youtube.com/vi/ix4zPyiblvs/0.jpg,힙업 & 어깨통증 줄여주는 탄탄한 견갑 만들기 운동,하체,https://www.youtube.com/embed/ix4zPyiblvs?rel=0&autoplay=1
https://img.youtube.com/vi/zHBVvRvVZuQ/0.jpg,캐시언니가 추천하는 최고의 허벅지 운동,하체,https://www.youtube.com/embed/zHBVvRvVZuQ?rel=0&autoplay=1
https://img.youtube.com/vi/4ZUihpjHnB0/0.jpg,필라테스링으로 탄탄한 허벅지 만들기 & 골반 교정 운동,하체,https://www.youtube.com/embed/4ZUihpjHnB0?rel=0&autoplay=1
https://img.youtube.com/vi/WE8kILaQvWw/0.jpg,탄력있는 애플힙 만들기 운동법,하체,https://www.youtube.com/embed/WE8kILaQvWw?rel=0&autoplay=1
https://img.youtube.com/vi/pobel5QFp_A/0.jpg,허벅지 안쪽살 빼는데 효과적인 운동법,하체,https://www.youtube.com/embed/pobel5QFp_A?rel=0&autoplay=1
https://img.youtube.com/vi/Hp39axsuFs8/0.jpg,어디서든 간단히 할수 있는 허벅지 운동,하체,https://www.youtube.com/embed/Hp39axsuFs8?rel=0&autoplay=1
https://img.youtube.com/vi/PPfMTgx89BE/0.jpg,레베카 언니의 비키니 몸매를 만드는 5탄,하체,https://www.youtube.com/embed/PPfMTgx89BE?rel=0&autoplay=1
https://img.youtube.com/vi/Cxs70j4DCT8/0.jpg,캐시언니의 의자를 활용한 힙업 운동,하체,https://www.youtube.com/embed/Cxs70j4DCT8?rel=0&autoplay=1
https://img.youtube.com/vi/_wwsnVYrTtI/0.jpg,폼롤러를 이용한 하복부 살빼기 운동,하체,https://www.youtube.com/embed/_wwsnVYrTtI?rel=0&autoplay=1
https://img.youtube.com/vi/yigIRK9xQK8/0.jpg,축쳐진 엉덩이를 탄력있게 만들어주는 운동,하체,https://www.youtube.com/embed/yigIRK9xQK8?rel=0&autoplay=1
https://img.youtube.com/vi/IjEBfs35HSc/0.jpg,복근/엉덩이/허벅지까지 라인을 살려주는 운동,하체,https://www.youtube.com/embed/IjEBfs35HSc?rel=0&autoplay=1
https://img.youtube.com/vi/AqMIw-L9LcY/0.jpg,25분만에 다리지방 태우기,하체,https://www.youtube.com/embed/AqMIw-L9LcY?rel=0&autoplay=1
https://img.youtube.com/vi/GQLMYNSpn_0/0.jpg,엉덩이와 허벅지를 한번에 지방태우기,하체,https://www.youtube.com/embed/GQLMYNSpn_0?rel=0&autoplay=1
https://img.youtube.com/vi/oCKhi8a-MD8/0.jpg,허벅지 안쪽살과 등살 한번에 빼는 운동,하체,https://www.youtube.com/embed/oCKhi8a-MD8?rel=0&autoplay=1
https://img.youtube.com/vi/mXDLVLbKoxM/0.jpg,엉덩이 체지방 불태우는 필라테스 운동,하체,https://www.youtube.com/embed/mXDLVLbKoxM?rel=0&autoplay=1
https://img.youtube.com/vi/msf8ZAIUuK4/0.jpg,레베카 언니의 비키니 몸매를 만드는 1탄,하체,https://www.youtube.com/embed/msf8ZAIUuK4?rel=0&autoplay=1
https://img.youtube.com/vi/S9C_KAc-j2s/0.jpg,하비탈출족을 위한 하체운동법,하체,https://www.youtube.com/embed/S9C_KAc-j2s?rel=0&autoplay=1
https://img.youtube.com/vi/KEE0hTMLPNo/0.jpg,두꺼운 다리살 빼주는 하체 운동법,하체,https://www.youtube.com/embed/KEE0hTMLPNo?rel=0&autoplay=1
https://img.youtube.com/vi/x0t-_ObCrP8/0.jpg,예쁜 뒤태 만들어주는 애플힙 운동법 2탄,하체,https://www.youtube.com/embed/x0t-_ObCrP8?rel=0&autoplay=1
https://img.youtube.com/vi/Zity7qS089s/0.jpg, 캐시언니의 이쁜 엉덩이 운동법,하체,https://www.youtube.com/embed/Zity7qS089s?rel=0&autoplay=1
https://img.youtube.com/vi/FV3Gu2iw98g/0.jpg,힙업과 허벅지 탄력을 높여주는 [개구리 뒷다리 운동],하체,https://www.youtube.com/embed/FV3Gu2iw98g?rel=0&autoplay=1
https://img.youtube.com/vi/OF3saC14LAc/0.jpg,X자형 다리 교정을 위한 엉덩이 운동,하체,https://www.youtube.com/embed/OF3saC14LAc?rel=0&autoplay=1
https://img.youtube.com/vi/o9QY2obHxiE/0.jpg,예쁜 뒤태를 만들어주는 애플힙 운동법,하체,https://www.youtube.com/embed/o9QY2obHxiE?rel=0&autoplay=1
https://img.youtube.com/vi/RVLFYCZnpgc/0.jpg,5분만에 탄탄한 복근과 다리라인 만들기,하체,https://www.youtube.com/embed/RVLFYCZnpgc?rel=0&autoplay=1
https://img.youtube.com/vi/BQsUYSGfJq4/0.jpg,짐볼을 활용한 하체 및 복근운동,하체,https://www.youtube.com/embed/BQsUYSGfJq4?rel=0&autoplay=1
https://img.youtube.com/vi/VOvzVPppfUs/0.jpg,허벅지 살빼는 데 효과적인 운동 [폼롤러 런지],하체,https://www.youtube.com/embed/VOvzVPppfUs?rel=0&autoplay=1
https://img.youtube.com/vi/zd8pDgK-HhQ/0.jpg,다리라인을 잡아주는 30분 하체운동,하체,https://www.youtube.com/embed/zd8pDgK-HhQ?rel=0&autoplay=1
https://img.youtube.com/vi/YCNEGwTdlc4/0.jpg,엉덩이와 허벅지 탄력을 위한 [폼롤러 스쿼트 운동],하체,https://www.youtube.com/embed/YCNEGwTdlc4?rel=0&autoplay=1
https://img.youtube.com/vi/V6-rRY7j36Q/0.jpg,옆구리 살과 허벅지 바깥라인 빼는 운동 [사이드 레그 레이즈],하체,https://www.youtube.com/embed/V6-rRY7j36Q?rel=0&autoplay=1
https://img.youtube.com/vi/h_rAyZgbSPM/0.jpg,캐시 언니의 엉덩이와 허벅지 군살 빠지는 운동,하체,https://www.youtube.com/embed/h_rAyZgbSPM?rel=0&autoplay=1
https://img.youtube.com/vi/UE003d_OsEY/0.jpg,다리라인 예뻐지는 운동 BEST 4,하체,https://www.youtube.com/embed/UE003d_OsEY?rel=0&autoplay=1
https://img.youtube.com/vi/gi5V7682UFA/0.jpg,꿀벅지와 애플힙 만들기 운동,하체,https://www.youtube.com/embed/gi5V7682UFA?rel=0&autoplay=1
