newslink,imglink,title,content
https://www.news1.kr/articles/5303729,https://search.pstatic.net/common/?src=https%3A%2F%2Fimgnews.pstatic.net%2Fimage%2Forigin%2F421%2F2024%2F01%2F28%2F7318079.jpg&type=f200_200&expire=2&refresh=true,"신기루 ""식습관 겁나서 건강검진 병적으로 받는다…3개월에 한번""","그러자 신기루는 ""밥 먹는데 재수 없는 소리 좀 그만하라""라고 하면서도 ""저는 약간 병적으로 받는다""며 ""건강한 식습관이랑 운동을 안 하니까 제가 겁나서 3개월에 한 번 받는다""고 털어놨다. 서장훈은 ""거기서는 뭐래""라고 물었고, 신기루는 ""정상""이라며 ""간과 위, 콜레스테롤 등 다 정상이라더라""고 답했다...."
http://www.fnnews.com/news/202401241547318026,https://search.pstatic.net/common/?src=https%3A%2F%2Fimgnews.pstatic.net%2Fimage%2Forigin%2F014%2F2024%2F01%2F25%2F5133212.jpg&type=f200_200&expire=2&refresh=true,젊은층도 걸리는 대장암..'운동·식습관·절주'가 핵심 [weekend 헬스],"25일 의료진들에 따르면 대장암의 경우 젊은 나이에도 식습관 및 생활습관에 따라 발생률이 높아질 수 있어 주의해야 한다. 국가 암등록 통계를 보면... 대장암, '대장내시경' 진단이 가장 정확 대장암은 맵고 짠 음식을 즐겨 먹고, 서구화된 식습관에 익숙해진 한국인들에게 발생률이 높은 암이다. 소화기관인..."
https://kormedi.com/?p=1617867,https://search.pstatic.net/common/?src=https%3A%2F%2Fimgnews.pstatic.net%2Fimage%2Forigin%2F296%2F2024%2F01%2F26%2F73937.jpg&type=f200_200&expire=2&refresh=true,"‘삼고’(三高) 식습관이 불러온 나비효과, 게실","식습관이 바뀌면 잘 걸리는 병의 종류도 달라진다. 특히 고단백, 고지방, 고칼로리 등 삼고식(三高食)은 특히 대장 쪽 '게실' 질환을 많이 생기게 한다.... ""게실 발생을 예방하기 위해서는 고단백, 고지방, 고칼로리의 식습관을 개선하도록 하며 충분한 수분 섭취와 더불어 하루 15∼20g 정도의 식이섬유를..."
https://www.artinsight.co.kr/news/view.php?no=68488,https://search.pstatic.net/common/?src=https%3A%2F%2Fimgnews.pstatic.net%2Fimage%2Forigin%2F5726%2F2024%2F01%2F27%2F22936.jpg&type=ofullfill208_208_empty&expire=2&refresh=true,"[에세이] 비슷하지만 건강하게, 비건! ep.1 고기 대신 채소를 먹기로 했다.",큰 차이가 없는 수치이기는 했지만 대사증후군을 얘기하는 글들을 읽어보면서 작년에 해왔던 식습관들이 생각났다. 시간이 없다고 대충 때우거나... 목표했던 일들을 이뤄내고 마무리 지으면서 가장 먼저 했던 생각은 운동과 식습관을 다시 바꿔야겠다는 것이었다. 어딘가 둔해지고 붓는 것 같은 이런 느낌을...
http://www.fnnews.com/news/202401251824003022,https://search.pstatic.net/common/?src=https%3A%2F%2Fimgnews.pstatic.net%2Fimage%2Forigin%2F014%2F2024%2F01%2F26%2F5133711.jpg&type=f200_200&expire=2&refresh=true,20대에도 생기는 대장암…혈변 보거나 냄새 심하면 내시경 받아야 [Weekend 헬스],"25일 의료진들에 따르면 대장암의 경우 젊은 나이에도 식습관 및 생활습관에 따라 발생률이 높아질 수 있어 주의해야 한다. 국가 암등록 통계를 보면... ■대장암, '대장내시경' 진단이 가장 정확 대장암은 맵고 짠 음식을 즐겨 먹고, 서구화된 식습관에 익숙해진 한국인들에게 발생률이 높은 암이다. 소화기관인..."
https://www.joongang.co.kr/article/25224887,https://search.pstatic.net/common/?src=https%3A%2F%2Fimgnews.pstatic.net%2Fimage%2Forigin%2F025%2F2024%2F01%2F26%2F3337834.jpg&type=f200_200&expire=2&refresh=true,"""집에 밥솥 없어요"" 한국인 밥심도 옛말…하루 1.5공기만 먹는다",쌀 대신 육류나 빵으로 대체하는 식의 식습관 변화가 이어진 데다 밥솥 없이 즉석밥을 이용하는 가계가 늘어났다는 풀이가 나온다. 엔데믹 영향으로... 소주나 청하 등 주류를 만들기 위한 쌀 소비는 크게 늘었다”며 “쌀 대신 다른 음식으로 끼니를 하는 식습관 변화도 이어지고 있다”고 설명했다.
https://news.kbs.co.kr/news/pc/view/view.do?ncd=7876234&ref=A,https://search.pstatic.net/common/?src=https%3A%2F%2Fimgnews.pstatic.net%2Fimage%2Forigin%2F056%2F2024%2F01%2F26%2F11650414.jpg&type=f200_200&expire=2&refresh=true,1인당 쌀 소비량 역대 최소…30년 전 절반 수준,"이런 식습관 변화 등의 영향으로 매년 쌀 소비가 줄고 있는데, 지난해 1인당 소비량이 역대 최저 수준을 또 갈아치운 것으로 나타났습니다. 30년 전과 비교하면 절반 수준입니다. 보도에 손서영 기자입니다. [리포트] 쌀 소비량 감소 추세가 이어지고 있습니다. 통계청이 발표한 2023년 양곡소비량조사 결과를..."
https://zdnet.co.kr/view/?no=20240125104322,https://search.pstatic.net/common/?src=https%3A%2F%2Fimgnews.pstatic.net%2Fimage%2Forigin%2F092%2F2024%2F01%2F25%2F2319234.jpg&type=f200_200&expire=2&refresh=true,[1분건강] 닭가슴살만 먹고 과도한 운동하면 근육 대신 통풍 생깁니다,젊은 통풍 환자가 급증하면서 예방을 위해 올바른 식습관이 요구된다. 통풍은 팔다리 관절에 요산이 쌓여 심한 염증으로 바람만 스쳐도 아프다고 알려진... 최근 젊은 환자들이 늘어나는 이유는 달라진 식습관 때문이다. 우선 배달음식 중 치킨이나 고기류의 술안주나 야식은 ‘퓨린’이라는 아미노산이 많이...
https://biz.chosun.com/science-chosun/science/2024/01/24/WB7F7ACH7RBWJPCKCC2GBORGLM/?utm_source=naver&utm_medium=original&utm_campaign=biz,https://search.pstatic.net/common/?src=https%3A%2F%2Fimgnews.pstatic.net%2Fimage%2Forigin%2F366%2F2024%2F01%2F24%2F964901.jpg&type=f200_200&expire=2&refresh=true,1만 년 전 껌 조각으로 밝혀진 석기시대 청소년들의 식습관,1만 년 전 스웨덴의 석기시대 청소년들이 사용했던 일종의 ‘껌’에서 추출한 DNA가 석기 시대 식생활과 구강 건강에 대해 실마리를 제공한다는 연구 결과가 발표됐다. 스웨덴·핀란드·노르웨이·튀르키예의 학자들로 구성된 공동 연구팀은 지난 18일 국제학술지 사이언티픽 리포트에 30년 전 스웨덴...
https://www.news1.kr/articles/5298684,https://search.pstatic.net/common/?src=https%3A%2F%2Fimgnews.pstatic.net%2Fimage%2Forigin%2F421%2F2024%2F01%2F23%2F7307883.jpg&type=f200_200&expire=2&refresh=true,속 답답하고 쓰리면 ‘역류성 식도염’ 의심…식습관 개선 중요,"김주석 소화기내과 교수는 “속 쓰림이나 가슴 통증, 목 이물감 등과 같은 역류성 식도염 증상이 지속된다면 병원을 방문해 전문의와 상담을 하고 주기적인 위 검사를 통해 적절한 치료를 하는 것이 필요하다”며 “무엇보다도 잘못된 식습관을 개선하는 것이 가장 중요하다”고 말했다."
https://kormedi.com/?p=1655043,https://search.pstatic.net/common/?src=https%3A%2F%2Fimgnews.pstatic.net%2Fimage%2Forigin%2F296%2F2024%2F01%2F24%2F73876.jpg&type=f200_200&expire=2&refresh=true,쩝쩝 소리내고 자꾸 뺏어 먹어? ...식습관이 성격 알려준다,"우리가 먹는 습관이 우리의 성격을 보여준다."" 식습관이 성격을 드러내는 거울이라는 걸 알고 있니? 미국 행동 음식전문가인 줄리엣 보그호시안(Juliet A. Boghossian)박사는 먹는 방식과 행동하는 방식 사이에 밀접한 연관성이 있다는 사실을 밝혀냈어. 그에 따르면 식습관은 지극히 본능적이기 때문에 아무리..."
https://www.joongang.co.kr/article/25224797,https://search.pstatic.net/common/?src=https%3A%2F%2Fimgnews.pstatic.net%2Fimage%2Forigin%2F025%2F2024%2F01%2F26%2F3337757.jpg&type=f200_200&expire=2&refresh=true,[Cooking&Food] 한국인 30세 이상 성인 6명 중 1명은 당뇨병 … 혹시 나도?,"중앙일보 쿠킹, 잘 먹는 것에 대한 올바른 정보와 해결책 제안하는 ‘블루체크 캠페인’ 시작 20·30대 젊은 당뇨병 환자도 급증 나쁜 식습관과 과체중... 어린 시절부터 자극적이고 불규칙한 식습관으로 인한 과체중이 당뇨병으로 이어진 것이다. 또한, 대부분은 정작 자신이 당뇨병 환자인지 모르고 있다는..."
https://www.newspim.com/news/view/20240126000329,https://search.pstatic.net/common/?src=https%3A%2F%2Fimgnews.pstatic.net%2Fimage%2Forigin%2F5002%2F2024%2F01%2F26%2F2518976.jpg&type=f200_200&expire=2&refresh=true,"서울시 '얘들아 과일먹자' 겨울방학까지 확대…""과일·채소 이제 잘먹어요"" 현장 만족도 향상","등으로 식습관의 불균형이 발생할 수 있는 겨울방학(2월)까지 지원을 확대함에 따라, 아이들의 과일 및 채소 섭취율을 높여 영양 불균형은 해소하고 학부모와 담당자들의 체감 만족도도 더 높아진 것으로 나타났다. 서울시 '얘들아 과일먹자'는 취약계층 아동의 건강한 식습관 형성을 위해 지역아동센터..."
https://kstar.kbs.co.kr/list_view.html?idx=300116,https://search.pstatic.net/common/?src=https%3A%2F%2Fimgnews.pstatic.net%2Fimage%2Forigin%2F438%2F2024%2F01%2F26%2F62162.jpg&type=f200_200&expire=2&refresh=true,[박원숙의 같이 삽시다] 용림도 원래는 편식이 강했다?! 왕언니 용림이 식습관을 바꾼 결정적인 이유,‘박원숙의 같이 삽시다’ 김용림이 식습관을 바꾸게 된 결정적 이유에 대해 밝혔다. 25일 방송된 KBS 2TV ‘박원숙의 같이 삽시다’에 드라마의 역사를... 그런데 식습관을 바꾼지 5년 정도 되었는데 건강을 위해 의무적으로 고기를 먹기 시작했다. 안 먹으면 에너지가 안 생기니까”라고 말했다. 그러자...
https://www.artinsight.co.kr/news/view.php?no=68488,https://search.pstatic.net/common/?src=https%3A%2F%2Fimgnews.pstatic.net%2Fimage%2Forigin%2F5726%2F2024%2F01%2F27%2F22936.jpg&type=ofullfill208_208_empty&expire=2&refresh=true,"[에세이] 비슷하지만 건강하게, 비건! ep.1 고기 대신 채소를 먹기로 했다.",큰 차이가 없는 수치이기는 했지만 대사증후군을 얘기하는 글들을 읽어보면서 작년에 해왔던 식습관들이 생각났다. 시간이 없다고 대충 때우거나... 목표했던 일들을 이뤄내고 마무리 지으면서 가장 먼저 했던 생각은 운동과 식습관을 다시 바꿔야겠다는 것이었다. 어딘가 둔해지고 붓는 것 같은 이런 느낌을...
https://kormedi.com/?p=1658264,https://search.pstatic.net/common/?src=https%3A%2F%2Fimgnews.pstatic.net%2Fimage%2Forigin%2F296%2F2024%2F01%2F27%2F73959.jpg&type=f200_200&expire=2&refresh=true,배만 볼록한 사람들...빼려면 먹어야 할 식품은?,"앉아서 일하는 시간이 많은 직장인 또는 잦은 술자리와 불규칙적인 식습관을 지닌 사람들이다. 한번 찐 뱃살을 빼기란 '하늘에 별 따기'처럼 어렵게 느껴진다. 어떻게 해야 할까. 전문가들은 ""식단 조절과 운동이 같이 가야 한다""고 말한다. 이와 관련해 미국 건강·영양 정보 매체 '잇디스낫댓(EatThis,NotThat)' 등의..."
http://news.heraldcorp.com/view.php?ud=20240126000692,https://search.pstatic.net/common/?src=https%3A%2F%2Fimgnews.pstatic.net%2Fimage%2Forigin%2F016%2F2024%2F01%2F27%2F2258421.jpg&type=f200_200&expire=2&refresh=true,"‘변비 해결사’라더니 더 악화? 차전자피, 이렇게 드세요 [식탐]","다이어트나 육류 위주 식습관으로 변비 환자가 많아지면서 변비 증상을 완화하는 식품이 관심을 받고 있다. 질경이 씨앗의 껍질인 차전자피도 변비 환자에게 좋은 식재료 중 하나다. 이른바 ‘변비 해결사’로 알려지면서 차전자피 가루나 환, 차전자피 변비약 등 다양한 제품이 등장했다. 하지만 차전자피를..."
https://www.nocutnews.co.kr/news/6085904,https://search.pstatic.net/common/?src=https%3A%2F%2Fimgnews.pstatic.net%2Fimage%2Forigin%2F079%2F2024%2F01%2F28%2F3857638.jpg&type=f200_200&expire=2&refresh=true,"이유 있는 '얼죽아'의 습격, 네 가지 가설 뜯어보니","■ 방송 : CBS 라디오 <오뜨밀 라이브> FM 98.1 (20:05~21:00) ■ 진행 : 채선아 아나운서 ■ 대담 : 신혜림 PD, 조석영 PD ◇ 채선아> 좀 더 밀도 있게 알아볼 이슈 짚어보는 <뉴스탐구생활> 시간입니다. 오늘은 신혜림 PD가 준비해 왔는데, '얼죽아', 즉 '얼어 죽어도 아이스 아메리카노'에 대해서 탐구해 본다고요...."
https://www.ziksir.com/news/articleView.html?idxno=50616,https://search.pstatic.net/common/?src=https%3A%2F%2Fimgnews.pstatic.net%2Fimage%2Forigin%2F5489%2F2024%2F01%2F23%2F30356.jpg&type=ofullfill208_208_empty&expire=2&refresh=true,"다이어트 진행 시, 생활 속 식습관 살펴야","그 중에 대표적인 방향은 바로 식습관과 생활습관을 올바르게 개선해 이를 습관화하는 것이라고 할 수 있다. 물론 쉬운 일은 아니기에 여러가지 방법을 통해서 이러한 습관의 고착화를 시도하는 다이어터들이 많이 있다. 규림 한의원 천안점 김우석 원장 ""한의학적인 눈으로 보더라도 올바른 식습관 개선이..."
https://kormedi.com/?p=1657835,https://search.pstatic.net/common/?src=https%3A%2F%2Fimgnews.pstatic.net%2Fimage%2Forigin%2F296%2F2024%2F01%2F26%2F73947.jpg&type=f200_200&expire=2&refresh=true,암 안 걸리게 하는 음식 따로 있을까?...좋은 음식vs나쁜음식,그리고 생활습관 중 절대적으로 중요한 역할을 하는 것이 식습관이다. 암 예방에 있어서도 마찬가지다. 건강한 식단으로 풍부한 섬유질 섭취... 건강한 식습관을 가져야 한다고 강조했다. 두 전문가가 최근 미국 NBC 방송 '투데이'에 암을 예방하는 데 좋은 음식과 나쁜 음식을 소개한 내용이다. 암 예방에 좋은...
http://www.newsis.com/view/?id=NISX20240123_0002601323&cID=13001&pID=13000,https://search.pstatic.net/common/?src=https%3A%2F%2Fimgnews.pstatic.net%2Fimage%2Forigin%2F003%2F2024%2F01%2F23%2F12333461.jpg&type=f200_200&expire=2&refresh=true,"""당뇨·암환자 맞춤식"" 풀무원, 디자인밀 리뉴얼","풀무원의 개인 맞춤형 식단 구독 서비스 디자인밀은 당뇨 및 암 질환자·경험자의 건강한 식습관을 위해 식품의약품안전처의 기준에 맞춰 설계한... 211 식사법은 신선한 채소와 포화지방이 적은 단백질, 통곡물을 2대 1대 1의 비율로 섭취해 균형 잡힌 식습관을 갖는 방법이다. 당뇨환자용 식단형 식품은 1개..."
https://kormedi.com/?p=1655292,https://search.pstatic.net/common/?src=https%3A%2F%2Fimgnews.pstatic.net%2Fimage%2Forigin%2F296%2F2024%2F01%2F17%2F73613.jpg&type=f200_200&expire=2&refresh=true,염증 높이고 장 망가지는 최악의 식습관은?,그 중심에는 역시 식습관의 변화가 자리 잡고 있다. 과거 매일 집에서 먹던 나물 반찬이 '건강식'을 내건 식당에서나 제대로 먹을 수 있을 정도다. 기름지고 열량 높은 음식 vs 채소-과일 덜 먹고 배달 음식이 뿌리를 내린 지 오래됐다. 기름지고 열량이 높은 음식이 대부분이다. 맛을 강조하다 보니 설탕과...
https://www.dailian.co.kr/news/view/1321364/?sc=Naver,https://search.pstatic.net/common/?src=https%3A%2F%2Fimgnews.pstatic.net%2Fimage%2Forigin%2F119%2F2024%2F01%2F25%2F2793153.jpg&type=f200_200&expire=2&refresh=true,"밥을 잘 먹지 않는 우리 아이, ‘밥태기’ 극복기 [이기나의 ‘이기는 육아’②]","식사가 아이의 건강과 식습관 형성에 영향을 미치다 보니, 부모는 자신도 모르는 사이 책임감에 압도되어 아이의 행동을 통제하려 들 수 있다. 이... 하지만 이 유혹에 빠지게 된다면 향후 아이의 올바른 식습관을 형성하는데 어려움이 생길 수 있으므로, 식습관 및 식사 예절과 관련된 규칙은 반드시 일관되게..."
https://www.hidoc.co.kr/healthstory/news/C0000853472,https://search.pstatic.net/common/?src=https%3A%2F%2Fimgnews.pstatic.net%2Fimage%2Forigin%2F5246%2F2024%2F01%2F25%2F28583.jpg&type=ofullfill208_208_empty&expire=2&refresh=true,“당뇨를 막아라”…당뇨 전단계 위험성과 당화혈색소검사의 중요성,"알고 식습관 개선과 정기적인 혈액검사, 운동, 비만개선과 같은 노력을 기울이는 것이 중요합니다. 최근에는 30, 40대 젊은층에서 당뇨 전단계는 물론 당뇨병 진단을 받는 사례가 늘고 있는 만큼, 젊은층 역시 예외 없이 혈당 관리에 관심을 기울여야 합니다. 서구화된 식습관과 운동 부족으로 국내 비만 환자 역시..."
https://www.joongang.co.kr/article/25224533,https://search.pstatic.net/common/?src=https%3A%2F%2Fimgnews.pstatic.net%2Fimage%2Forigin%2F025%2F2024%2F01%2F25%2F3337499.jpg&type=f200_200&expire=2&refresh=true,"당신의 혈당, 안녕하십니까…나도 모르게 위협받고 있다면 [쿠킹]","어린 시절부터 자극적이고 불규칙한 식습관으로 인한 과체중이 지속되며, 당뇨병으로 이어진 것이다. 또한, 대부분은 정작 자신이 당뇨병 환자인지... 하루 30분 운동과 식습관으로 혈당 잡아 당뇨가 의심된다고 혹은 이미 걸렸다고 심각하게 걱정할 필요는 없다. 당뇨식사 원칙에 따라 식습관 관리를 통해..."
http://www.realfoods.co.kr/view.php?ud=20240121000085,https://search.pstatic.net/common/?src=https%3A%2F%2Fimgnews.pstatic.net%2Fimage%2Forigin%2F5419%2F2024%2F01%2F21%2F10779.jpg&type=ofullfill208_208_empty&expire=2&refresh=true,"[리얼푸드] 비만 문제 심각…UAE 정부, 식습관 캠페인 집중",아랍에미리트(UAE) 정부가 심각한 비만 문제를 해결하기 위해 식습관 정책을 잇따라 발표하고 있다고 한국농수산식품유통공사(aT)가 전했다.... 계속되는 비만율의 증가로 UAE 정부는 식습관 변화를 위한 정책들을 실시하고 있다. 지난 2017년 10월 발표한 설탕 부과세 정책이 대표적이다. 탄산음료 소비가...
https://www.hidoc.co.kr/healthstory/news/C0000857025,https://search.pstatic.net/common/?src=https%3A%2F%2Fimgnews.pstatic.net%2Fimage%2Forigin%2F5246%2F2024%2F01%2F27%2F28603.jpg&type=ofullfill208_208_empty&expire=2&refresh=true,영양 섭취만 잘 해도 노년기 질환 예방…영양밀도 높이려면 ‘이렇게’,"특히 평상시 식습관을 잘 관리하고, 충분한 영양 섭취를 하는 것으로도 노년기 건강을 효과적으로 관리할 수 있다. 영양 공급만 잘 해도 인지기능 저하 막을 수 있어 노화가 진행될수록 다양한 질환에 노출되기 마련이다. 노년기를 대표하는 질환으로는 △치매와 같은 인지 기능 장애 △골다공증 △관절염..."
https://www.nongmin.com/article/20240125500060,https://search.pstatic.net/common/?src=https%3A%2F%2Fimgnews.pstatic.net%2Fimage%2Forigin%2F662%2F2024%2F01%2F25%2F36334.jpg&type=f200_200&expire=2&refresh=true,갑자기 살 빠지면…‘이 병’ 의심?,"운동이나 식습관 변화를 통해 체중을 줄이려는 노력을 하지 않았음에도 몸무게가 줄었다면 암 발생 위험이 높아진 상황일 수 있다는 연구결과가 나왔다. 미국 하버드대 의대 부속 다나-파버 암 연구소가 참가자 15만7474명을 대상으로 1976~2016년, 1986~2016년 추적‧조사한 2건의 연구를 종합한 결과, 의도치 않은..."
https://www.viva100.com/main/view.php?key=20240124010007560,https://search.pstatic.net/common/?src=https%3A%2F%2Fimgnews.pstatic.net%2Fimage%2Forigin%2F5394%2F2024%2F01%2F24%2F980120.jpg&type=ofullfill208_208_empty&expire=2&refresh=true,[비바 2080] 새해 첫 결심 '다이어트'는 비만주사로?,"다만, 체중 조절 여력이 있다면 비만 치료 주사보다는 건강한 생활습관과 식습관 변화를 통해 살을 빼는 것이 좀 더 바람직하다. 약물 사용에 따른... 가장 중요한 것은 역시 본인의 의지와 노력, 건강한 생활습관, 식습관의 변화라는 사실이다.”- 얼마나 오랫동안 맞아야 효과가 있는지 궁금하다.“비만 치료..."
https://www.busan.com/view/busan/view.php?code=2024010412445391507,https://search.pstatic.net/common/?src=https%3A%2F%2Fimgnews.pstatic.net%2Fimage%2Forigin%2F082%2F2024%2F01%2F14%2F1250984.jpg&type=f200_200&expire=2&refresh=true,[인터뷰] “병원·약 멀리하려면 규칙적인 운동과 올바른 식습관 실천을”,"그가 국민 건강을 위해 운동 다음으로 꺼내든 주제는 식단과 식습관이다. 나 회장은 이번 책을 ‘운동 후 영양 지침서’라고 말했다. “제대로, 그리고 꾸준히 운동하는 것이 병원과 약을 끊기 위한 선제 조건이라면, 올바른 식단·식습관은 완결 조건입니다.” 책 내용을 간추려 달라는 요청에 그는 우리나라..."
http://www.ikunkang.com/news/articleView.html?idxno=39373,https://search.pstatic.net/common/?src=https%3A%2F%2Fimgnews.pstatic.net%2Fimage%2Forigin%2F5454%2F2024%2F01%2F25%2F12204.jpg&type=f200_200&expire=2&refresh=true,[대국민 건강 캠페인] 당뇨병은 침묵의 암살자! 당독소는 당뇨합병증 촉진제!,100% 확정할 수는 없지만 뷔페식당은 평소 자신의 식습관이 꽤 투명하게 반영되는 곳이라고 할 수 있습니다. 6명이 같은 테이블에 앉아 있었는데 그중... 당뇨병 환자가 급증하고 발병 연령이 낮아지는 원인은 식습관과 같은 생활습관이 밀접히 연관돼 있다는 것이 각종 연구에서 밝혀지고 있습니다. 무엇이...
https://news.kmib.co.kr/article/view.asp?arcid=0019094038&code=61121111&cp=nv,https://search.pstatic.net/common/?src=https%3A%2F%2Fimgnews.pstatic.net%2Fimage%2Forigin%2F005%2F2024%2F01%2F23%2F1669033.jpg&type=f200_200&expire=2&refresh=true,“매일 아이 몸에 8~10번 주사” 1형 당뇨 가족의 눈물,"서구화된 식습관, 운동 부족 등으로 나타나는 2형 당뇨와 달리 1형 당뇨는 췌장에서 인슐린을 분비하는 세포가 파괴돼 혈당 조절능력을 완전히 상실하는 질환이다. 평생 인슐린을 외부에서 주입해야 한다. 2형 당뇨보다 더 쉽게 고혈당 혹은 저혈당 쇼크가 오는 데다 사망으로 이어질 수도 있다. 한군은 지난해..."
https://www.news1.kr/articles/5300471,https://search.pstatic.net/common/?src=https%3A%2F%2Fimgnews.pstatic.net%2Fimage%2Forigin%2F421%2F2024%2F01%2F24%2F7311779.jpg&type=f200_200&expire=2&refresh=true,"""모바일로 건강관리하세요""…군포시, 모바일헬스케어사업 참여자 모집","모바일헬스케어사업은 활동량계 디바이스를 선정 대상자들에게 무료로 제공, 스마트폰앱 연동을 통한 참여자의 활동량과 식습관을 관리하는 사업이다. 이를 통해 건강 위험요인을 낮추고, 만성질환 발병위험 감소를 목표로 건강행태를 개선한다. 모집인원은 160명이며, 선착순으로 신청받는다. 대상은 19~64세..."
https://www.golfjournal.co.kr/news/articleView.html?idxno=4850,https://search.pstatic.net/common/?src=https%3A%2F%2Fimgnews.pstatic.net%2Fimage%2Forigin%2F5773%2F2024%2F01%2F21%2F2523.jpg&type=f200_200&expire=2&refresh=true,골퍼를 위한 식습관,"골퍼에게 좋은 음식, 효율적인 식습관은 무엇일까? 프로골퍼들의 식사 골프는 보통 4시간 이상 진행되며 경기 도중 비라도 오게 되면 하루 종일 경기를... 골프 황제의 식습관 골프 황제로 불리는 타이거 우즈는 경기력을 최상으로 유지할 수 있는 체계적인 식단 관리로 유명하다. 그는 구운 생선이나 닭을 사용한..."
https://www.ulsanpress.net/news/articleView.html?idxno=520835,https://search.pstatic.net/common/?src=https%3A%2F%2Fimgnews.pstatic.net%2Fimage%2Forigin%2F5906%2F2024%2F01%2F25%2F18704.jpg&type=f200_200&expire=2&refresh=true,합병증 유발 '침묵의 질환'…기름때 가득 찬 혈관 청소부터,일반적인 혈관 질환은 식습관과 잘못된 생활 습관으로 나타나는데 고지혈증 원인 역시 식사와 생활 습관이 크게 비중을 차지한다. 잦은 야근과 장기간... 운동만큼 중요한 것이 식습관인데 포화지방 및 트랜스 지방의 섭취를 줄이고 섬유질 위주의 음식을 많이 섭취하여 건강한 식습관을 가지는 것이 중요하다....
https://www.donga.com/news/Economy/article/all/20240124/123216663/1,https://search.pstatic.net/common/?src=https%3A%2F%2Fimgnews.pstatic.net%2Fimage%2Forigin%2F020%2F2024%2F01%2F25%2F3544713.jpg&type=f200_200&expire=2&refresh=true,혈당 관리-식단 추천-수면 분석까지… AI 헬스케어 시장 확대,"팔에 부착하는 연속혈당측정기(CGM)로 혈당을 실시간 측정하고, AI가 혈당에 영향을 주는 식습관과 운동, 스트레스 등을 종합적으로 분석해 실시간... 생활습관과 식습관을 제안할 수 있는 것”이라고 말했다. AI 엔진을 활용해 앱에서 음식 사진을 찍거나 상품 바코드를 찍으면 먹은 시간과 음식의 열량, 성분..."
https://www.ichannela.com/news/main/news_detailPage.do?publishId=000000389601,https://search.pstatic.net/common/?src=https%3A%2F%2Fimgnews.pstatic.net%2Fimage%2Forigin%2F449%2F2024%2F01%2F22%2F266412.jpg&type=f200_200&expire=2&refresh=true,"잼으로, 샐러드에…김치 수출 역대 최고","김치 잼, 김치 샐러드처럼, 한국에선 낯설지만 외국인의 식습관에 맞춘 다양한 제품도 쏟아지고 있습니다. 곽민경 기자가 보도합니다. [기자] 김치를 잘게 잘라 설탕과 김칫국물을 넣고 졸입니다. 이렇게 만들어진 '김치 잼'을 빵에 발라먹습니다. [현장음] ""토스트와 떡볶이를 같이 먹는 맛입니다. 정말..."
https://www.upinews.kr/newsView/1065577685384802,https://search.pstatic.net/common/?src=https%3A%2F%2Fimgnews.pstatic.net%2Fimage%2Forigin%2F5372%2F2024%2F01%2F26%2F135214.jpg&type=ofullfill208_208_empty&expire=2&refresh=true,[인터뷰] 홍승주 천안시농협조합공동사업법인 대표,한창 성장기를 보내는 아이들에게 필요한 영양소를 균형있게 제공하는 것은 심신의 건전한 발달은 물론 올바른 식습관을 형성한다. ▲홍승주 천안시농협조합공동사업법인 대표.[UPI뉴스] 하지만 쉬운 일이 아니다. 잊을만하면 부실 급식에 대한 논란이 대두되면서 사회적 이슈로 떠오른다. 낮은 급식비와...
https://www.hidoc.co.kr/healthstory/news/C0000854938,https://search.pstatic.net/common/?src=https%3A%2F%2Fimgnews.pstatic.net%2Fimage%2Forigin%2F5246%2F2024%2F01%2F20%2F28554.jpg&type=ofullfill208_208_empty&expire=2&refresh=true,심혈관질환 앓는 10·20대 급증↑…청소년기 생활습관 개선 절실,"서구화된 식습관 등이 원인으로 꼽히고 있다. 2020년 보건교육건강진흥학회지에 게재된 ‘한국 청소년의 심혈관질환 위험 생리적지표 및 생활습관 인자 추이’ 논문에 따르면, 국내 청소년들의 경우에는 과도한 사교육으로 인한 스트레스와 수면 부족, 부족한 신체활동, 건강하지 않은 식습관 등을..."
http://www.medisobizanews.com/news/articleView.html?idxno=113534,https://search.pstatic.net/common/?src=https%3A%2F%2Fimgnews.pstatic.net%2Fimage%2Forigin%2F5576%2F2024%2F01%2F24%2F40037.jpg&type=ofullfill208_208_empty&expire=2&refresh=true,"[기고문] 마른기침과 타는 듯한 가슴 통증, 역류성 식도염일까?","역류성 식도염은 잘못된 식습관, 잦은 음주 등의 이유로 발생한다. 위산을 비롯한 위의 내용물들이 원래의 방향인 아래가 아닌 위쪽, 식도방향으로... 담적병은 과음, 과식 등의 잘못된 식습관 탓에 소화기능이 저하되며 발생한다. 소화기능이 저하되면 위장 내부에 소화되지 않은 음식물이 남게되는데, 이..."
https://www.ajunews.com/view/20240126085242144,https://search.pstatic.net/common/?src=https%3A%2F%2Fimgnews.pstatic.net%2Fimage%2Forigin%2F5090%2F2024%2F01%2F26%2F2330562.jpg&type=ofullfill208_208_empty&expire=2&refresh=true,지난해 1인당 쌀 소비량 0.6% 줄어…가공용은 18.2% 증가,[사진=연합뉴스] 식습관 변화로 지난해 1인당 연간 쌀 소비량이 1년 전보다 0.6% 감소했다. 정부는 쌀 소비량 감소 규모는 최근 3년간 줄고 있으나... 같이 쌀 중심의 건강한 식습관 형성을 위한 정책 강화와 소비가 늘고 있는 쌀 가공산업을 육성해 전후방 연관산업의 동반성장을 도모하겠다”고 밝혔다.
https://jhealthmedia.joins.com/article/article_view.asp?pno=27683,https://search.pstatic.net/common/?src=https%3A%2F%2Fimgnews.pstatic.net%2Fimage%2Forigin%2F5687%2F2024%2F01%2F25%2F7697.jpg&type=ofullfill208_208_empty&expire=2&refresh=true,속 쓰리고 목 이물감? 현대인 고질병 ‘역류성 식도염’ 신호,과식·폭식·야식 등 현대인의 익숙한 식습관이 발병의 주요 위험인자로 알려진다. 대전을지대병원 소화기내과 김주석 교수의 도움말로 환자 수가 점차... 또한 식습관·생활습관 개선과 적절한 약물치료로 충분히 호전될 수 있다. 약물요법에 한계를 느끼고 불편함을 자주 호소할 땐 수술요법을 고려할 수 있다....
https://dgmbc.com/article/zpyA47pCMadMVdEGgLj,https://search.pstatic.net/common/?src=https%3A%2F%2Fimgnews.pstatic.net%2Fimage%2Forigin%2F657%2F2024%2F01%2F13%2F22050.jpg&type=f200_200&expire=2&refresh=true,[약손+] 건강 대변 몸속 대장 지켜라 '대장암' ⑰장건강을 위한 식습관,"모든 일이 그렇지만, 우리 몸 건강에 있어서도 마무리가 중요할 겁니다. 섭취한 음식물의 영양분을 흡수한 뒤 남은 찌꺼기를 배출하는 대장은 소화의 마지막 관문으로 중요한 역할을 합니다. 소화 통로의 끝을 막아서는 병 '대장암', 침묵의 병으로 주의를 요하는데요. 변비, 설사, 소화불량 등 암이 만든 위험..."
http://www.hemophilia.co.kr/news/articleView.html?idxno=26617,https://search.pstatic.net/common/?src=https%3A%2F%2Fimgnews.pstatic.net%2Fimage%2Forigin%2F5504%2F2024%2F01%2F26%2F20519.jpg&type=ofullfill208_208_empty&expire=2&refresh=true,"장상피화생, 방치 시 위암으로 발전...조기치료 중요","위축성 위염과 장상피화생은 주로 고령에서 발병 빈도가 높은 질환이지만, 최근에는 잘못된 식습관과 과로, 스트레스 등의 요인으로 젊은 층에서도... 특히 면역기능 이상, 스트레스, 과로, 유전적 요인, 잘못된 식습관 및 약물, 알코올, 커피, 담배 등과 같은 외인성 인자, 갑상선 기능저하증 및 항진증, 만성..."
http://www.k-health.com/news/articleView.html?idxno=69852,https://search.pstatic.net/common/?src=https%3A%2F%2Fimgnews.pstatic.net%2Fimage%2Forigin%2F5534%2F2024%2F01%2F25%2F26827.jpg&type=ofullfill208_208_empty&expire=2&refresh=true,식단열풍 빠지는 이유가 있다…심리학과 영양학의 인과관계,"하지만 다이어트의 공식은 '식습관 8 : 운동 2'로 간단하다. 즉 열심히 땀 흘리며 운동해도 먹는 양을 제대로 조절하지 못하면 말짱 도루묵이다. '식습관'이 다이어트의 핵심 열쇠인 셈이다. 이에 많은 사람들이 키토식단, 지중해식 식단 등 여러 유행 식이요법에 눈길을 돌린다. 시대마다 유행하는 패션이 있듯..."
https://kormedi.com/?p=1651758,https://search.pstatic.net/common/?src=https%3A%2F%2Fimgnews.pstatic.net%2Fimage%2Forigin%2F296%2F2024%2F01%2F05%2F73219.jpg&type=f200_200&expire=2&refresh=true,"英 BBC 추천...식습관 바꾸는 4가지 수칙, 뭐길래?","""당신이 먹는 것이 바로 당신이다."" 식습관과 관련된 이 오래된 격언은 수많은 연구를 통해 증명이 됐다. 건강한 식단은 건강한 장을 만드는 데 도움이 되며 이는 강력한 면역 체계를 유지하고 정신 건강을 증진하며 좋은 느낌을 주는 데 가장 중요한 요인으로 밝혀졌다. 좋지 않은 식습관을 개선하려면 어떻게..."
https://www.etoday.co.kr/news/view/2322545,https://search.pstatic.net/common/?src=https%3A%2F%2Fimgnews.pstatic.net%2Fimage%2Forigin%2F5003%2F2024%2F01%2F18%2F1916883.jpg&type=ofullfill208_208_empty&expire=2&refresh=true,청년들 힘내라 '천원의 아침밥'…지원 대상 450만 명으로 2배 확대,"이투데이=세종=이해곤 기자 | 15개 시·도 추가 지원해 학교 부담 완화…아침 식사 중요성·식습관 만족도 90% 청년들이 1000원으로 아침밥을 먹을 수... 지난해 농식품부가 140개 대학 5711명을 대상으로 사업에 대한 설문 조사를 한 결과 '아침밥의 중요성을 느꼈다'는 응답은 90.4%, '건강한 식습관에 도움이..."
https://www.jjan.kr/article/20240122580085,https://search.pstatic.net/common/?src=https%3A%2F%2Fimgnews.pstatic.net%2Fimage%2Forigin%2F5335%2F2024%2F01%2F22%2F276661.jpg&type=ofullfill208_208_empty&expire=2&refresh=true,"장수군보건의료원, 노년기 저염식이 영양교육 실시","올바른 식습관으로 개선하기 위해 마련됐다. 의료원은 경로당을 방문해 △나트륨 영양표시 알기 △가공식품 구입 시 저염 식품 선택하기 △저염식으로 조리 및 식사하기(국그릇 대신 밥그릇 사용, 국물 대신 숭늉으로 대체, 절임 음식 대신 생채소 먹기 등) 등 노년기에도 건강한 식습관을 지키기 위한..."
https://news.kmib.co.kr/article/view.asp?arcid=0924341084&code=11131100&cp=nv,https://search.pstatic.net/common/?src=https%3A%2F%2Fimgnews.pstatic.net%2Fimage%2Forigin%2F005%2F2024%2F01%2F24%2F1669159.jpg&type=f200_200&expire=2&refresh=true,“매일 세 차례나 아이 학교 찾아가… 주사 놓는 부모 가슴 피멍 듭니다”,"서구화된 식습관, 운동 부족 등으로 나타나는 2형 당뇨와 달리 1형 당뇨는 췌장에서 인슐린을 분비하는 세포가 파괴돼 혈당 조절능력을 완전히 상실하는 질환이다. 평생 인슐린을 외부에서 주입해야 한다. 2형 당뇨보다 더 쉽게 고혈당 혹은 저혈당 쇼크가 오는 데다 사망으로 이어질 수도 있다. 한군은 지난해..."
https://www.hankookilbo.com/News/Read/A2024012011110002679?did=NA,https://search.pstatic.net/common/?src=https%3A%2F%2Fimgnews.pstatic.net%2Fimage%2Forigin%2F469%2F2024%2F01%2F21%2F781332.jpg&type=f200_200&expire=2&refresh=true,"설사·복통 때문에 화장실 들락날락… 꾀병 같은 ‘이 질환’, 20~30대가 절반 차지","염증성 장 질환은 고지방·고열량 식사 등 서구식 식습관으로 최근 크게 늘어나고 있는 추세다. 최근 10년 새 환자가 2배가량 늘어나 7만 명이나 된다. 20~30대 환자가 전체의 50%일 정도로 젊은이에게서 많이 나타난다. ◇크론병, 환자 3명 중 2명은 30대 이하 대표적인 만성 염증성 장 질환인 크론병은 입에서..."
http://www.bosa.co.kr/news/articleView.html?idxno=2214285,https://search.pstatic.net/common/?src=https%3A%2F%2Fimgnews.pstatic.net%2Fimage%2Forigin%2F5376%2F2024%2F01%2F09%2F164668.jpg&type=ofullfill208_208_empty&expire=2&refresh=true,'건강한 식습관' 설탕 조절 방법은?,"한국허벌라이프가 새해를 맞아 설탕 조절로 건강한 식습관을 만드는 효과적인 방법들을 제안해 주목된다. 연초는 가족, 지인과의 다양한 식사 모임이... 새해를 맞아 건강한 식습관 형성을 목표로 하는 사람들에게 허벌라이프의 월드와이드 뉴트리션의 교육 및 트레이닝 수석 상무 겸 식이 자문위원장인 수잔..."
http://www.mediagunpo.co.kr/17529,https://search.pstatic.net/common/?src=https%3A%2F%2Fimgnews.pstatic.net%2Fimage%2Forigin%2F5513%2F2024%2F01%2F25%2F11826.jpg&type=ofullfill208_208_empty&expire=2&refresh=true,"군포시, 2024년 모바일헬스케어사업 참여자 모집","모바일헬스케어사업은 활동량계 디바이스를 선정 대상자들에게 무료로 제공하여스마트폰앱 연동을 통한 사업 참여자의 활동량과 식습관을 관리함으로써 건강 위험요인을 낮추고, 만성질환 발병 위험 감소를 목표로 건강행태를 개선하는 정보통신기술(ICT)을 활용한 비대면 관리 서비스다...."
https://kormedi.com/?p=1655906,https://search.pstatic.net/common/?src=https%3A%2F%2Fimgnews.pstatic.net%2Fimage%2Forigin%2F296%2F2024%2F01%2F20%2F73723.jpg&type=f200_200&expire=2&refresh=true,"""자꾸 짠 맛이 당겨, 왜?""…소금 식탐 뜻밖의 이유 6","소금 과다 섭취는 나이 들수록 질병 위험을 높이는 잘못된 식습관이다. 하지만 김치, 찌개, 라면 등 짠 음식을 즐겨먹는 식습관 때문에 자신도 모르게 소금을 과다 섭취하기 쉽다. 기름진 음식이나 달달한 음식도 조심해야 하지만, 더 위험한 것은 너무 짠 음식을 즐겨먹는 식습관이다. 우리나라 건강한 성인 기준..."
http://www.segye.com/newsView/20240116503340?OutUrl=naver,https://search.pstatic.net/common/?src=https%3A%2F%2Fimgnews.pstatic.net%2Fimage%2Forigin%2F022%2F2024%2F01%2F16%2F3895166.jpg&type=f200_200&expire=2&refresh=true,“아침 안 먹으면 비만·만성질환 위험 부담↑”…20대 60% 육박,"질병청 ‘2022년 국민건강통계’ 자료 모든 연령 결식률 34%…미국 16%뿐 아침 식사 거르면 만성질환 등 질병 부담 커져 ‘하루 두 끼’ 식사만 하는 현대인이 늘고 간헐적 단식 등 식습관의 유행으로 아침 식사를 거르는 이들이 많다. 우리나라 국민 중 아침 식사를 하지 않는 비율이 34%, 20대의..."
https://www.khan.co.kr/culture/culture-general/article/202401200800001,https://search.pstatic.net/common/?src=https%3A%2F%2Fimgnews.pstatic.net%2Fimage%2Forigin%2F032%2F2024%2F01%2F20%2F3274433.jpg&type=f200_200&expire=2&refresh=true,일란성 쌍둥이가 각각 채식·잡식을 8주간 했더니···‘음식이 나를 만든다’[오마주],"그 중 하나가 식습관을 보다 건강하게 바꾸는 것입니다. 저는 빵을 참 좋아하는데요, 맛있지만 건강에는 별로 이롭지 않은 음식이죠. 그래서 결심했습니다. 빵 먹는 횟수를 줄이고, 일주일에 한 번쯤은 건강한 음식을 직접 만들어 먹어보기로요. 종종 무너지긴 하지만 아직까진 그럭저럭 잘 지켜나가고..."
http://www.ikunkang.com/news/articleView.html?idxno=39328,https://search.pstatic.net/common/?src=https%3A%2F%2Fimgnews.pstatic.net%2Fimage%2Forigin%2F5454%2F2024%2F01%2F15%2F12154.jpg&type=f200_200&expire=2&refresh=true,[신년특별기획1] 건강수명 늘리는 생활습관 20가지,"과일과 채소를 충분히 섭취하는 식습관이 가져오는 유익은 셀 수 없이 많다. 충분한 섬유소 섭취는 변비 및 대장암을 예방하며, 콜레스테롤 및 혈당... 그러나 식습관이 빠르게 서구화되고 있어서 비만 인구도 늘고 있다. 질병관리청에 따르면 최근 10년간 중ㆍ고등학생 비만율은 2배 이상 증가했다. 성인 남성..."
https://kormedi.com/?p=1656195,https://search.pstatic.net/common/?src=https%3A%2F%2Fimgnews.pstatic.net%2Fimage%2Forigin%2F296%2F2024%2F01%2F19%2F73710.jpg&type=f200_200&expire=2&refresh=true,“내 항문 지켜라”... 가장 나쁜 생활 습관은?,음식 조심하고 몸 움직여야 국가암정보센터에 따르면 대장암 위험을 높이는 식습관에다 늘 오래 앉아 있는 경우 직장암 위험이 높아진다. 포화지방이 많은 붉은 고기–가공육을 즐기면서 식이섬유가 풍부한 채소를 싫어하고 몸 움직이기를 주저하면 항문이 위험해 질 수 있다. 물론 이는 최악의 상황이다. 평소...
https://www.newspim.com/news/view/20240125000572,https://search.pstatic.net/common/?src=https%3A%2F%2Fimgnews.pstatic.net%2Fimage%2Forigin%2F5002%2F2024%2F01%2F25%2F2518013.jpg&type=f200_200&expire=2&refresh=true,"파주시, '먹거리 시민학교' 교육업체 모집","먹거리 시민학교는 바른 식생활과 식습관의 중요성을 알리고 도심에 거주하는 시민을 중심으로 지역농산물의 소비를 촉진하기 위한 식생활 교육 프로그램이다. 2023년 파주시 먹거리 시민학교 수료식 모습. [사진=파주시] 2024.01.25 atbodo@newspim.com 교육은 '식생활 교육 전문강사 양성 과정', '생애주기별..."
https://health.chosun.com/site/data/html_dir/2024/01/15/2024011502295.html,https://search.pstatic.net/common/?src=https%3A%2F%2Fimgnews.pstatic.net%2Fimage%2Forigin%2F346%2F2024%2F01%2F16%2F69240.jpg&type=f200_200&expire=2&refresh=true,"변비, 방귀 참아서 걸린다고?","변비의 주요 원인은 잘못된 식습관이다. 식사를 충분히 하지 못하거나, 물을 많이 마시지 못하면 변비가 생긴다. 그러나 의외로 방귀를 너무 많이 참아도... 식이섬유 위주의 식사, 과식, 오래 앉아있기… 방귀 유발해 유독 방귀를 자주 뀌거나, 갑자기 방귀가 많아졌다면 식습관을 점검해야 한다. 배에 가스가 잘..."
http://www.joongboo.com/news/articleView.html?idxno=363631219,https://search.pstatic.net/common/?src=https%3A%2F%2Fimgnews.pstatic.net%2Fimage%2Forigin%2F5281%2F2024%2F01%2F17%2F554769.jpg&type=ofullfill208_208_empty&expire=2&refresh=true,"광주시 어린이급식관리지원센터, 학부모 대상 '도란도란 TALK 콘서트' 진행",광주시 어린이급식관리지원센터 관계자가 17일 학부모님들을 대상으로 자녀들의 영양 섭취 등 올바른 식습관에 대한 교육을 진행하고 있다. 사진... 광주시 청년지원센터 더누리플랫폼에서 열린 '도란도란 TALK 콘서트'는 '우리 아이 키 성장과 두뇌 활성화를 위한 편식 솔루션'이란 주제로 식습관 교정 솔루션...
https://biz.chosun.com/science-chosun/2024/01/15/UBG6A7EYANGXTHH7GX4GEFZIIY/?utm_source=naver&utm_medium=original&utm_campaign=biz,https://search.pstatic.net/common/?src=https%3A%2F%2Fimgnews.pstatic.net%2Fimage%2Forigin%2F366%2F2024%2F01%2F15%2F962361.jpg&type=f200_200&expire=2&refresh=true,[사이언스카페] 브로콜리 싫어하는 아이는 부모 탓?,타인의 부정적 표정이 음식 선호 떨어뜨려 부모의 긍정적 표정이 어린이 식습관에 영향 ”어린이는 채소 분해 냄새에 더 민감” 설명도 아침마다... 이는 식습관에 가장 큰 영향을 미치는 사회적 영향 중 하나이다. 연구진은 이번 결과에 대해 인간의 자기 방어 반응일 가능성이 있다고 설명했다....
http://www.youngnong.co.kr/news/articleView.html?idxno=45409,https://search.pstatic.net/common/?src=https%3A%2F%2Fimgnews.pstatic.net%2Fimage%2Forigin%2F5548%2F2024%2F01%2F25%2F31589.jpg&type=ofullfill208_208_empty&expire=2&refresh=true,"풀무원 디자인밀, 당뇨-암환자용 식단형식품 리뉴얼 출시","[한국영농신문 이병로 기자] 풀무원(대표 이효율)의 개인 맞춤형 식단 구독 서비스 '디자인밀'은 당뇨 및 암 질환자ㆍ경험자의 건강한 식습관을 위해... '211 식사법'은 신선한 채소와 포화지방이 적은 단백질, 통곡물을 2:1:1 비율로 섭취하여 균형 잡힌 식습관을 제안하는 방법이다. '당뇨환자용 식단형 식품..."
http://digitalchosun.dizzo.com/site/data/html_dir/2024/01/12/2024011280175.html,https://search.pstatic.net/common/?src=https%3A%2F%2Fimgnews.pstatic.net%2Fimage%2Forigin%2F5641%2F2024%2F01%2F14%2F54743.jpg&type=ofullfill208_208_empty&expire=2&refresh=true,"설탕 섭취, 이렇게 줄이세요! 건강한 식습관을 위한 설탕 조절 방법 4가지","이에 한국허벌라이프가 새해를 맞아 건강한 식습관 형성을 목표로 하는 이들을 위해 허벌라이프 월드와이드 뉴트리션의 교육 및 트레이닝 수석 상무 겸... 많이 먹고 고지방, 고설탕 음식을 더 찾는 경향을 보인다. 될 수 있으면 하루 최소 7시간 이상의 수면을 유지하는 것이 건강한 식습관 만들기에 도움을 준다."
https://www.ksilbo.co.kr/news/articleView.html?idxno=989365,https://search.pstatic.net/common/?src=https%3A%2F%2Fimgnews.pstatic.net%2Fimage%2Forigin%2F5277%2F2024%2F01%2F10%2F348437.jpg&type=f200_200&expire=2&refresh=true,"[대장암]급증하는 MZ세대 대장암, 식습관 변화 시급","▲ 김혜영 울산대학교병원 혈액종양내과 교수가 대장암으로 치료를 받은 환자와 이후 관리법에 관해 이야기하고 있다.대장암은 흔히 '서구형 선진국암'이라고 한다. 이는 서양인이 고열량 음식을 많이 먹고, 섬유질은 별로 섭취하지 않아 대장암에 많이 걸리기 때문이다. 서양인보다 아시아인은 대장암 발병이..."
https://www.ytn.co.kr/_ln/0103_202401120928174410,https://search.pstatic.net/common/?src=https%3A%2F%2Fimgnews.pstatic.net%2Fimage%2Forigin%2F052%2F2024%2F01%2F12%2F1984386.jpg&type=f200_200&expire=2&refresh=true,[뉴스라이더] 소아 당뇨? 단 거 먹어서? NO!...'1형 당뇨'의 진실,그러니까 인슐린 분비가 아예 안 되는 질환인데 이게 식습관이나 유전의 문제가 아니라는 말씀이신 거예요? [김미영] 네. 보통 어린 아이들 같은 경우는 잘못된 식습관을 들이기도 전에 진단받기도 하고요. 유전 같은 경우 저희도 저희 친청이나 시댁 쪽에 아무도 1형 당뇨로 진단받으신 분이 없거든요. 그래도...
https://www.mk.co.kr/article/10925424,https://search.pstatic.net/common/?src=https%3A%2F%2Fimgnews.pstatic.net%2Fimage%2Forigin%2F009%2F2024%2F01%2F20%2F5247486.jpg&type=f200_200&expire=2&refresh=true,"푸드테크 스타트업 코랄로, 글로벌 캠페인 ‘비거뉴어리(Veganuary) 2024’ 참여",건강한 식습관 문화를 확산하자는 취지로 동참 나서...전사 직원이 각 비건 식단을 공유해 눈길 B2B2C 푸드테크 스타트업 ‘코랄로(대표 시나 알바네즈)... 코랄로는 지속가능한 대체 수산물 푸드테크 기업으로서 새해를 맞아 건강한 식습관 문화를 확산하자는 취지로 비거뉴어리 캠페인에 참여한다. 전사...
http://www.joongboo.com/news/articleView.html?idxno=363629849,https://search.pstatic.net/common/?src=https%3A%2F%2Fimgnews.pstatic.net%2Fimage%2Forigin%2F5281%2F2024%2F01%2F09%2F553602.jpg&type=ofullfill208_208_empty&expire=2&refresh=true,"""새해엔 작심노담""… 식습관·생활습관 개선하면 금연 성공률 높아져","무엇보다 금연을 위해서는 식습관과 생활습관의 개선이 도움이 된다. 맛이 강하거나 맵고 짠 음식, 기름진 음식, 술, 카페인 등 흡연욕구를 자극하는 음식들을 피하는 것이 좋다. 또 식사 후 흡연, 기상 직후 흡연 등 일상 속 흡연 습관은 흡연 대신 차를 마시는 등의 다른 행동으로 대체하며 습관을 없애는 것이..."
http://news.heraldcorp.com/view.php?ud=20240108000353,https://search.pstatic.net/common/?src=https%3A%2F%2Fimgnews.pstatic.net%2Fimage%2Forigin%2F016%2F2024%2F01%2F08%2F2249042.jpg&type=f200_200&expire=2&refresh=true,“버터·와인 보다는 비건”...변화하는 프랑스 MZ세대 식습관 [aT와 함께하는 글로벌푸드 리포트],"‘버터·크림·와인’은 프랑스 식습관의 핵심으로 꼽히는 요소다. 하지만 최근에는 이러한 전통 식습관이 젊은 층에게서 멀어지고 있다고 8일 한국농수산식품유통공사(aT)가 전했다. 프랑스 MZ세대 사이에서는 와인과 버터 대신, 먹기 쉬운 형태로 제공되는 비건(vegan·완전 채식) 수요가 높아지는 추세다...."
http://www.mkhealth.co.kr/news/articleView.html?idxno=67115,https://search.pstatic.net/common/?src=https%3A%2F%2Fimgnews.pstatic.net%2Fimage%2Forigin%2F5717%2F2024%2F01%2F24%2F15673.jpg&type=ofullfill208_208_empty&expire=2&refresh=true,"식품과 AI '찰떡궁합'…맞춤 레시피에 영양 진단, 탄소저감까지","'적게 먹어도 건강하게 잘 챙겨 먹자'는 소비자가 주를 이루고, 좋은 식재료 고르기부터 내 몸에 필요한 영양소 챙기기, 환경보호를 위한 식습관 등이... 개인 정보를 기반으로 평소 식습관과 운동습과, 건강상태 등 설문을 통해 영양진단, 식생활 실천가이드, 맞춤 식단까지 추천해준다. 지난 새해를 맞아 걸음..."
https://www.newsclaim.co.kr/news/articleView.html?idxno=3026846,https://search.pstatic.net/common/?src=https%3A%2F%2Fimgnews.pstatic.net%2Fimage%2Forigin%2F5772%2F2024%2F01%2F23%2F32037.jpg&type=ofullfill208_208_empty&expire=2&refresh=true,해태제과 SPC 잠바주스 11번가 外(유통﻿家 이모저모),롯데쇼핑 제공 '디자인밀 식단형 식사관리식품' 리뉴얼=풀무원의 개인 맞춤형 식단 구독 서비스 '디자인밀'이 당뇨 및 암 질환자·경험자의 건강한 식습관을 위해 식품의약품안전처의 기준에 맞춰 균형 있게 설계한 '식단형 식사관리식품'을 리뉴얼해 선보인다. 리뉴얼은 기존 냉장 형태의 일일 배송...
http://www.fnnews.com/news/202401161531001396,https://search.pstatic.net/common/?src=https%3A%2F%2Fimgnews.pstatic.net%2Fimage%2Forigin%2F014%2F2024%2F01%2F16%2F5128861.jpg&type=f200_200&expire=2&refresh=true,'제로'에 빠진 소비자 잡기 나선 식음료업계,"새해를 맞아 많은 이들이 운동, 식습관 등 다양한 계획을 세우는 가운데 '제로텐티티(Zero+Identity)'를 강조한 식음료 트렌드가 이어질 것으로 전망되고 있다. 최근 배달의민족이 발표한 배달 음식 트렌드 보고서에 따르면 2022년 대비 2023년 제로 메뉴의 주문 수가 소폭 증가한 것으로 나타났다. 가볍게 즐기기..."
https://health.chosun.com/site/data/html_dir/2024/01/08/2024010801499.html,https://search.pstatic.net/common/?src=https%3A%2F%2Fimgnews.pstatic.net%2Fimage%2Forigin%2F346%2F2024%2F01%2F08%2F68778.jpg&type=f200_200&expire=2&refresh=true,남성이 여성보다 ‘대장암 발병률’ 2배 높아… 원인은 장 속 ‘이것’,"대장암은 성별, 연령, 가족력, 흡연, 식습관 등이 발병 요인으로 지목된다. 특히 남성 발병률이 여성보다 약 2배 높고, 발생 위치에도 차이가 있어 성호르몬이 발병 기전에 큰 영향을 미치는 것으로 추정된다. 최근에는 대장암, 대장선종 등 대장 질환의 발병률이 낮은 여성과 55세 이하 젊은 연령대일수록..."
http://www.namdonews.com/news/articleView.html?idxno=755678,https://search.pstatic.net/common/?src=https%3A%2F%2Fimgnews.pstatic.net%2Fimage%2Forigin%2F5539%2F2024%2F01%2F22%2F227953.jpg&type=ofullfill208_208_empty&expire=2&refresh=true,갑작스런 설사 복통…염증성 질환 '크론병'주의보,게티이미지뱅크 서구화된 식습관과 빈번한 음주환경이 더해지면서 최근 염증성 질환들이 늘고 있다. 이름도 생소한 크론병 역시 이러한 원인들로 인해 갈수록 환자들의 수가 증가하는 추세다. 실제 건강보험심사평가원 등이 공개한 자료를 보면 크론병으로 병원을 찾은 환자는 2017년 2만231명에서 2021년...
https://www.yna.co.kr/view/AKR20240111136000004?input=1195m,https://search.pstatic.net/common/?src=https%3A%2F%2Fimgnews.pstatic.net%2Fimage%2Forigin%2F001%2F2024%2F01%2F11%2F14439524.jpg&type=f200_200&expire=2&refresh=true,"관악구, 청년 1인가구에 연 1회 무료 건강검진","서울 관악구(구청장 박준희)는 건강 관리에 소홀하거나 불균형한 식습관을 갖기 쉬운 청년 1인 가구를 대상으로 무료로 건강검진을 해준다고 11일 밝혔다. 구 관계자는 ""지난해 4월 처음으로 도입한 이후 9개월간 400명이 넘는 청년이 보건소를 방문하며 큰 호응을 얻었다""며 ""올해도 무료 건강검진을 적극..."
http://www.bosa.co.kr/news/articleView.html?idxno=2214881,https://search.pstatic.net/common/?src=https%3A%2F%2Fimgnews.pstatic.net%2Fimage%2Forigin%2F5376%2F2024%2F01%2F17%2F165183.jpg&type=ofullfill208_208_empty&expire=2&refresh=true,"이대서울병원, '바른 성장 가이드' 방학특강 개최","이번 특강은 △성조숙과 성장 △소아비만의 해법 △척추측만증 가이드 △바른성장을 위한 운동가이드 △바른성장을 위한 식습관가이드 △소아환경클리닉 등을 주제로 진행됐다. 이정원 소아청소년과장은 ""겨울 방학을 맞이해 소아청소년의 올바르고 건강한 성장을 위한 특강을 준비했다""며 ""소아청소년과..."
https://www.womaneconomy.co.kr/news/articleView.html?idxno=220793,https://search.pstatic.net/common/?src=https%3A%2F%2Fimgnews.pstatic.net%2Fimage%2Forigin%2F5759%2F2024%2F01%2F21%2F27426.jpg&type=ofullfill208_208_empty&expire=2&refresh=true,"[청세] '굶거나 라면' 대학생 식탁 적신호···""돈도 시간도 없어요""",대학생들의 식단과 식습관을 파악하기 위해 2023년 11월 20일부터 24일까지 총 11명의 대학생이 먹은 음식의 종류와 섭취 시간을 조사했다. 이후 개별 면담을 통해 이들이 그런 식단과 식습관을 가지게 된 이유와 경험한 부작용을 살펴봤다. 조사 결과 모든 학생이 아침 식사를 하지 않은 적이 있었다. 그중 6명은...
http://www.newsis.com/view/?id=NISX20240109_0002586600&cID=10101&pID=10100,https://search.pstatic.net/common/?src=https%3A%2F%2Fimgnews.pstatic.net%2Fimage%2Forigin%2F003%2F2024%2F01%2F09%2F12309927.jpg&type=f200_200&expire=2&refresh=true,"외신들, '한국의 개고기 식용 금지법 통과' 신속 보도","AP통신, BBC, CNN 등 외신들이 9일 한국 국회가 개고기를 식용으로 판매하는 것을 금지하는 법안을 채택했다는 소식을 신속하게 보도했다. AP통신은 이날 한국 국회가 개고기 소비를 불법화하는 기념비적인 법안을 채택했다고 긴급 타전했다. 통신은 찬성 208대 반대 0으로 통과된 이 법안은 식용으로 개를..."
http://news.heraldcorp.com/view.php?ud=20240117000252,https://search.pstatic.net/common/?src=https%3A%2F%2Fimgnews.pstatic.net%2Fimage%2Forigin%2F016%2F2024%2F01%2F17%2F2253392.jpg&type=f200_200&expire=2&refresh=true,"더반찬&, 인공첨가물 없는 ‘클린라벨’ 제품 확대",가정간편식 전문몰 ‘더반찬&’은 자녀 식습관을 고민하는 주부들을 위해 인공첨가물이 들어가지 않은 클린라벨 제품 보강에 나섰다고 17일 밝혔다. 클린라벨 제품이란 인공첨가물 없이 자연에서 온 재료를 사용한 더반찬&의 간편식이다. 믿을 수 있는 재료와 자극적이지 않은 맛으로 온가족 건강 식단으로...
http://www.fnnews.com/news/202401111819033916,https://search.pstatic.net/common/?src=https%3A%2F%2Fimgnews.pstatic.net%2Fimage%2Forigin%2F014%2F2024%2F01%2F11%2F5127011.jpg&type=f200_200&expire=2&refresh=true,"툭하면 재발하는 역류성 식도염, 좋은 식습관 갖고 뜸·침치료 병행해야 [한의사 曰 건강꿀팁]",희망찬 갑진년에는 한의약과 함께 '신물 나는' 역류성 식도염에서 벗어나 보자. 고질적인 역류성 식도염이 치료됐다면 이미 당신의 몸은 규칙적인 생활과 조화로운 식습관에 잘 맞춰져 있음을 확신해도 좋을 것이다. 이마성 매일365 한의원장
https://biz.chosun.com/distribution/food/2024/01/10/C5VPUM3KMNF4ZMFK2HIVXQQEAE/?utm_source=naver&utm_medium=original&utm_campaign=biz,https://search.pstatic.net/common/?src=https%3A%2F%2Fimgnews.pstatic.net%2Fimage%2Forigin%2F366%2F2024%2F01%2F10%2F961234.jpg&type=f200_200&expire=2&refresh=true,"대상, 김치 페이스트·스프레드 출시... '美·유럽 식문화 반영'","이번 제품은 미국과 유럽 현지 식습관을 반영해 개발했다. 종가(Jongga) ‘DIY 김치 페이스트’는 김치를 샐러드처럼 즉석에서 만들 수 있도록 양념 형태로 만들었다. 고춧가루, 마늘, 배, 생강 등 김치 양념에 필요한 재료가 들어 있어 배추를 넣고 섞기만 하면 겉절이가 된다. 배추가 아니더라도 서구권에..."
https://www.greened.kr/news/articleView.html?idxno=310562,https://search.pstatic.net/common/?src=https%3A%2F%2Fimgnews.pstatic.net%2Fimage%2Forigin%2F5499%2F2024%2F01%2F15%2F155161.jpg&type=ofullfill208_208_empty&expire=2&refresh=true,10조 통풍치료제 시장 놓고 국내 업체 경쟁…임상 3상 진입,식습관의 서구화와 함께 젊은 층의 발병률도 크게 늘어 우리나라에서도 2015년 33만 4705명에 달하던 환자가 2022년 기준 50만 9699명으로 늘며 가파른 증가세를 보이고 있다. 통풍은 체내에서 생성된 요산이 소변 등을 통해 배출되지 않고 쌓였을 때 발생하는 대사질환이다. 혈액이나 관절액 내 요산이 결정...
https://www.vogue.co.kr/2024/01/19/%ec%97%b0%eb%a7%90%ec%97%b0%ec%8b%9c-%ea%b3%bc%ec%8b%9d-%ed%9b%84-%ec%98%81%ec%96%91%ec%82%ac%ea%b0%80-%eb%a8%b9%eb%8a%94-%eb%af%b8%ec%83%9d%eb%ac%bc%ec%97%90-%ec%a2%8b%ec%9d%80-%ed%95%ad%ec%97%bc/?utm_source=naver&utm_medium=partnership,https://search.pstatic.net/common/?src=https%3A%2F%2Fimgnews.pstatic.net%2Fimage%2Forigin%2F5301%2F2024%2F01%2F19%2F22107.jpg&type=ofullfill208_208_empty&expire=2&refresh=true,연말연시 과식 후 영양사가 먹는 미생물에 좋은 항염 수프,@sannevloet 연말 모임의 여운을 떨치고 건강한 식습관을 되찾아야겠다고 다짐한 1월 첫째 주 일요일 저녁 8시. 영양 정신의학자 이트시아르 디곤(Itziar Digón)... 또한 그녀는 수프가 미각을 되돌리고 음식을 재발견하는 데 도움이 된다면서 점심이나 저녁 식사의 애피타이저로 수프를 먹으면 좋은 식습관을...
https://www.dongascience.com/news/view/63326,https://search.pstatic.net/common/?src=https%3A%2F%2Fimgnews.pstatic.net%2Fimage%2Forigin%2F584%2F2024%2F01%2F12%2F25604.jpg&type=f200_200&expire=2&refresh=true,"덜 먹는 습관, 뇌 건강도 지켜준다",칼로리를 제한하는 식습관이 건강과 수명 증진에 도움이 된다는 사실은 잘 알려졌지만 뇌 건강에 미치는 영향은 그간 명확하지 않았다. 과학자들이 유전자에 일으키는 변화를 조사한 결과 적게 먹는 식습관은 뇌 신경세포를 보호하는 메커니즘을 활발하게 만드는 것으로 확인됐다. 리사 엘러비와 판카즈...
http://news.mt.co.kr/mtview.php?no=2024010414271166803,https://search.pstatic.net/common/?src=https%3A%2F%2Fimgnews.pstatic.net%2Fimage%2Forigin%2F008%2F2024%2F01%2F04%2F4982181.jpg&type=f200_200&expire=2&refresh=true,싱가포르 국립병원이 반한 K-신기술…환자 식판 스캔해 영양관리,"국내에서 영유아 맞춤형 식습관 개선 및 영양관리 서비스 '냠냠키즈'를 전국 200여곳의 어린이집과 유치원에 공급했다. 누비랩은 서비스 대상을 제2형... 연속혈당측정기(CGM)와 생성 AI 등을 연계해 식습관 관리를 통한 당뇨 질환 개선을 돕는 기술이다. 김대훈 누비랩 대표는 ""헬스케어의 핵심은 식습관..."
https://www.munhwa.com/news/view.html?no=2024011101039910018001,https://search.pstatic.net/common/?src=https%3A%2F%2Fimgnews.pstatic.net%2Fimage%2Forigin%2F021%2F2024%2F01%2F11%2F2615323.jpg&type=f200_200&expire=2&refresh=true,여성 성욕 383% 증가…흥분도 높여주는 환상의 식단,여성 쌍둥이 22쌍 대상 실험 남성의 경우는 발표되지 않아 채식과 같은 식물성 식습관을 가진 여성은 성욕이 최대 383% 증가하고 생물학적 나이가 젊어진다는 연구결과가 나왔다. 10일 뉴욕포스트에 따르면 미국 스탠퍼드 대학 크리스토퍼 가드너 박사 연구진과 영국 킹스칼리지런던 스펙터 교수 연구진은 최근...
http://www.bosa.co.kr/news/articleView.html?idxno=2214858,https://search.pstatic.net/common/?src=https%3A%2F%2Fimgnews.pstatic.net%2Fimage%2Forigin%2F5376%2F2024%2F01%2F17%2F165168.jpg&type=ofullfill208_208_empty&expire=2&refresh=true,"고대의료원, 제18회 소아청소년당뇨교실 참살이캠프 개최","당뇨병을 앓는 소아청소년 대부분이 '1형 당뇨'로 인슐린 주사가 유일한 치료법이며, 유전‧식습관과 전혀 관계가 없음에도 오해를 받아 스트레스를 받는 질병이다. 이에 고대의료원은 지난 2006년부터 매년 환아 스스로 질병을 관리할 수 있는 능력을 함양하고 치료 의지를 향상시키기 위해 '참살이캠프'를..."
http://www.jbnews.com/news/articleView.html?idxno=1422326,https://search.pstatic.net/common/?src=https%3A%2F%2Fimgnews.pstatic.net%2Fimage%2Forigin%2F5283%2F2024%2F01%2F21%2F414027.jpg&type=ofullfill208_208_empty&expire=2&refresh=true,모두를 위한 식탁,나의 식습관은 견고했고 어린 자녀를 둔 가정에서 육고기를 안 먹기는 어려웠으며 끼니마다 먹을만한 채식 요리를 만들어내기에 내 요리실력은 턱없이 부족했다. 한계를 인지한 후 '채식 지향'이라는 다소 유연한 목표를 정했다. 유연하다 못해 때로는 내 다짐이 무색하여 부끄러운데도 이 화두를 놓지 못하는...
http://www.econonews.co.kr/news/articleView.html?idxno=322153,https://search.pstatic.net/common/?src=https%3A%2F%2Fimgnews.pstatic.net%2Fimage%2Forigin%2F5524%2F2024%2F01%2F15%2F281404.jpg&type=ofullfill208_208_empty&expire=2&refresh=true,"닥터바리스타 ㅂㄷㄹㅇㅂㄷㄱ…캐시워크 퀴즈는 ""OOOO""","캐시워크는 15일 ""OOOO OOO을 가진 원두""라는 문제를 출제했다. 정답은 '부드러운바디감'이다. 두 번째 문제는 ""OOO OOO 잡아보세요""이다. 정답은 '건강한식습관'이다. 퀴즈는 앱에서 참여할 수 있다. 퀴즈를 푸는 동안 상금이 모두 소진되면 캐시를 받을 수 없다."
http://news.heraldcorp.com/view.php?ud=20240118000359,https://search.pstatic.net/common/?src=https%3A%2F%2Fimgnews.pstatic.net%2Fimage%2Forigin%2F016%2F2024%2F01%2F18%2F2254100.jpg&type=f200_200&expire=2&refresh=true,‘채소→고기·생선→밥’ 거꾸로 식사법의 놀라운 효과,"간편하게 따라할 건강 식습관을 찾고 있다면 ‘거꾸로 식사법’을 주목할 만하다. 먹던 음식을 바꾸기 어렵지만, 음식 순서를 바꾸는 것은 상대적으로 쉬워서다. 방법은 간단하다. 말 그대로 먹던 순서를 ‘거꾸로’ 바꾸면 된다. 밥부터 먹지 말고, 채소·과일을 먼저 먹는다. 이후 단백질 반찬을 먹고..."
https://www.mediafine.co.kr/news/articleView.html?idxno=51942,https://search.pstatic.net/common/?src=https%3A%2F%2Fimgnews.pstatic.net%2Fimage%2Forigin%2F5443%2F2024%2F01%2F24%2F12631.jpg&type=ofullfill208_208_empty&expire=2&refresh=true,"초기 증상 없는 대장암, 정기적인 내시경 검사가 필수 [박찬욱 원장 칼럼]","맵고 짠 음식을 선호하는 한국인의 오래된 식습관과 더불어 최근 육류 및 인스턴트를 섭취하는 인구가 증가하면서 위암 및 대장암 등의 소화기 질환에... 대장암은 가족력 이외에도 연령, 식습관, 생활습관과 같은 환경적인 요인과도 관련성이 깊다. 과거에는 50-60대 이상 중장년층을 고위험군으로 선정해..."
https://kormedi.com/?p=1649797,https://search.pstatic.net/common/?src=https%3A%2F%2Fimgnews.pstatic.net%2Fimage%2Forigin%2F296%2F2023%2F12%2F31%2F73040.jpg&type=f200_200&expire=2&refresh=true,새해 계획 끝까지 지킬 수 있을까...8가지 실천 방법,"건강한 식습관, 운동, 금연 등은 매해 초면 많은 사람들이 하는 다짐이기도 하다. 미 클리블랜드 클리닉의 심리학자 수잔 앨버스 박사는 ""사람들은 해마다... 예를 들어 더 건강한 식습관을 갖고 싶다면, '가공식품을 먹지 않겠다'고 결심하기보다 '과일과 채소를 더 많이 먹겠다'고 결심하는 것이다. 또..."
https://kormedi.com/?p=1653419,https://search.pstatic.net/common/?src=https%3A%2F%2Fimgnews.pstatic.net%2Fimage%2Forigin%2F296%2F2024%2F01%2F13%2F73481.jpg&type=f200_200&expire=2&refresh=true,"""추울 땐 심장도 덜덜""...강심장 만드는 식품 5가지","보통 운동 부족과 함께 비만, 고혈압, 콜레스테롤, 나쁜 식습관 등이 심장질환의 위험을 높이는 주된 원인이다. 심장은 자기 주먹보다 약간 크고 근육으로 이루어진 장기로, 산소와 영양분을 싣고 있는 혈액을 온몸에 흐르게 하는 역할을 한다. 특히 기온이 떨어지는 겨울에는 추위에 활동량과 운동량까지..."
https://www.hankyung.com/article/2024011188977,https://search.pstatic.net/common/?src=https%3A%2F%2Fimgnews.pstatic.net%2Fimage%2Forigin%2F015%2F2024%2F01%2F12%2F4935977.jpg&type=f200_200&expire=2&refresh=true,여성 성욕 383%나 오르게 한 이 식단은?,식물성 식습관을 가진 여성은 성욕이 최대 383% 증가하고 생물학적 나이가 젊어진다는 연구결과가 나와 눈길을 끈다. 10일 현지시각 뉴욕포스트에 따르면 미국 스탠퍼드 대학 크리스토퍼 가드너 박사 연구진과 영국 킹스칼리지런던 스펙터 교수 연구진은 최근 이 같은 연구 결과를 발표했다. 보도에 따르면...
https://www.ggilbo.com/news/articleView.html?idxno=1010700,https://search.pstatic.net/common/?src=https%3A%2F%2Fimgnews.pstatic.net%2Fimage%2Forigin%2F5356%2F2024%2F01%2F15%2F668910.jpg&type=ofullfill208_208_empty&expire=2&refresh=true,[우리 척추 이야기] 체중과 척추질환의 상관관계,"다섯 번째는 식습관과 환경적 요인이다. 비만 원인의 가장 대표적인 원인이 바로 식습관과 환경적인 요인이다. 식습관은 가족적, 문화적, 심리적인 인자로 나뉠 수 있는데 불규칙한 식습관도 과도한 열량 섭취의 식습관이 비만의 대표적인 원인이 된다. 또 숨 쉴 틈 없이 빨리 먹는 습관과 바쁘다는 이유로..."
http://www.sisunnews.co.kr/news/articleView.html?idxno=205970,https://search.pstatic.net/common/?src=https%3A%2F%2Fimgnews.pstatic.net%2Fimage%2Forigin%2F5369%2F2024%2F01%2F18%2F144511.jpg&type=ofullfill208_208_empty&expire=2&refresh=true,[건강프라임_칼럼] 임플란트 필요한 경우는?...적절한 시기가 중요해,올바른 식습관과 맛있는 음식을 오랫동안 먹기 위해 치아 건강에 대한 관심도가 높아졌기 때문이다. 하지만 아직까지도 노화로 인한 혹은 우연한 사고로 인한 치아 상실에 대한 자리를 비어있는 상태로 장기간 방치하고 있는 환자들도 적지 않다. 이는 시간이나 비용에 대한 부분이 부담이 되어 아예 치료를 하지...
http://weekly.chosun.com/news/articleView.html?idxno=31463,https://search.pstatic.net/common/?src=https%3A%2F%2Fimgnews.pstatic.net%2Fimage%2Forigin%2F053%2F2024%2F01%2F11%2F40732.jpg&type=f200_200&expire=2&refresh=true,"""검게 변한 발바닥?""... 40대 이상 주의 필요한 '당뇨성 족부궤양'","40대 이상에서 주로 발생하던 당뇨병이 식습관 변화 때문에 젊은 층에서도 발생하면서, 합병증에 대한 위험이 늘고 있다. 특히 당뇨발이라고 불리는 '당뇨성 족부궤양'은 당뇨병 환자의 약 15∼25%는 한 번 이상 경험하는 것으로 알려져 생활 습관 등 주의가 요구되고 있다. 이와 관련해 서울아산병원 건강정보를..."
https://www.jjan.kr/article/20240112580030,,"익산시, 올바른 식생활 형성 맞춤형 특화사업 중점 추진",어린이 등 사회취약계층 올바른 식습관 형성 위해 올해 국가예산 3억6500만원 투입 병아리체력장&식습관 개선 프로젝트 등 10개 맞춤형 식생활 특화사업 중점 운영 익산시가 사회취약계층의 올바른 식생활 형성을 위해 행정력을 집중한다. 시에 따르면 어린이∙노인∙장애인 등 사회취약계층의 올바른 식습관...
https://zdnet.co.kr/view/?no=20240103111417,https://search.pstatic.net/common/?src=https%3A%2F%2Fimgnews.pstatic.net%2Fimage%2Forigin%2F092%2F2024%2F01%2F03%2F2316859.jpg&type=f200_200&expire=2&refresh=true,[1분건강] 금연이 힘든 당신이 읽어야 하는 글,새해 성공 금연을 위해 식습관과 생활습관 개선이나 금연클리닉 등을 활용하라는 전문가 충고가 나왔다. ﾠ 흡연은 연기가 닿는 구강·비강·후두·기도... 금연을 위해 식습관과 생활습관을 개선하는 것도 도움이 된다. 맛이 강하고 맵고 짠 음식을 피하고 기름진 음식·술·카페인 등 자극적인 음식들을 피하는...
https://health.chosun.com/site/data/html_dir/2024/01/11/2024011101945.html,https://search.pstatic.net/common/?src=https%3A%2F%2Fimgnews.pstatic.net%2Fimage%2Forigin%2F346%2F2024%2F01%2F11%2F68976.jpg&type=f200_200&expire=2&refresh=true,몸에 좋은 채소도… ‘이렇게’ 먹으면 발암물질 돌변,식도암 위험을 높이는 식습관 3가지를 알아본다. 절인 채소 피클이나 오이지처럼 소금에 절인 채소를 자주 섭취하면 식도암이 발병 위험이 커질 수 있다. 과도하게 짠 음식은 식도에 자극을 주기 때문이다. 실제로 영국암저널(British Journal of Cancer)은 음식과 식도암 사이 상관관계를 조사하기 위해 총...
https://www.sportsseoul.com/news/read/1390481?ref=naver,https://search.pstatic.net/common/?src=https%3A%2F%2Fimgnews.pstatic.net%2Fimage%2Forigin%2F468%2F2024%2F01%2F16%2F1021848.jpg&type=f200_200&expire=2&refresh=true,"남원주건강지원, ‘쿡쿡! 편식예방 어린이 요리교실’ 참여자 모집","편식 예방교육과 요리 실습을 통한 건강한 식습관 형성 사진|원주시청 남원주건강생활지원센터는 겨울방학을 맞이하여 초등학생의 건강한 식습관 형성을 위한 「쿡쿡! 편식예방 어린이 요리교실」 프로그램을 운영한다. 올바른 식습관 형성을 위한 영양교육과 쌀, 당근을 이용한 건강 컵케이크 요리..."
http://www.mediagunpo.co.kr/17529,https://search.pstatic.net/common/?src=https%3A%2F%2Fimgnews.pstatic.net%2Fimage%2Forigin%2F5513%2F2024%2F01%2F25%2F11826.jpg&type=ofullfill208_208_empty&expire=2&refresh=true,"군포시, 2024년 모바일헬스케어사업 참여자 모집","모바일헬스케어사업은 활동량계 디바이스를 선정 대상자들에게 무료로 제공하여스마트폰앱 연동을 통한 사업 참여자의 활동량과 식습관을 관리함으로써 건강 위험요인을 낮추고, 만성질환 발병 위험 감소를 목표로 건강행태를 개선하는 정보통신기술(ICT)을 활용한 비대면 관리 서비스다...."
https://www.gukjenews.com/news/articleView.html?idxno=2905132,https://search.pstatic.net/common/?src=https%3A%2F%2Fimgnews.pstatic.net%2Fimage%2Forigin%2F5291%2F2024%2F01%2F22%2F1943666.jpg&type=ofullfill208_208_empty&expire=2&refresh=true,"장수군보건의료원, 경로당 저염식이 영양교육 실시","올바른 식습관으로 개선하기 위해 마련됐다. 의료원은 경로당을 방문해 ▲나트륨 영양표시 알기 ▲가공식품 구입 시 저염 식품 선택하기 ▲ 저염식으로 조리 및 식사하기(국그릇 대신 밥그릇 사용, 국물 대신 숭늉으로 대체, 절임 음식 대신 생채소 먹기 등) 등 노년기에도 건강한 식습관을 지키기 위한 '저염..."
https://kormedi.com/?p=1655906,https://search.pstatic.net/common/?src=https%3A%2F%2Fimgnews.pstatic.net%2Fimage%2Forigin%2F296%2F2024%2F01%2F20%2F73723.jpg&type=f200_200&expire=2&refresh=true,"""자꾸 짠 맛이 당겨, 왜?""…소금 식탐 뜻밖의 이유 6","소금 과다 섭취는 나이 들수록 질병 위험을 높이는 잘못된 식습관이다. 하지만 김치, 찌개, 라면 등 짠 음식을 즐겨먹는 식습관 때문에 자신도 모르게 소금을 과다 섭취하기 쉽다. 기름진 음식이나 달달한 음식도 조심해야 하지만, 더 위험한 것은 너무 짠 음식을 즐겨먹는 식습관이다. 우리나라 건강한 성인 기준..."
https://www.socialvalue.kr/news/view/1065575591891678,https://search.pstatic.net/common/?src=https%3A%2F%2Fimgnews.pstatic.net%2Fimage%2Forigin%2F5825%2F2024%2F01%2F23%2F18967.jpg&type=ofullfill208_208_empty&expire=2&refresh=true,"풀무원, 당뇨·암환자 식단 구독 서비스 ‘디자인밀 식단형 식사관리식품’ 리뉴얼 출시","건강한 식습관을 위해 식품의약품안전처의 기준에 맞춰 균형 있게 설계한 ‘식단형 식사관리식품’을 리뉴얼해 선보인다고 23일 밝혔다. 이번... ‘211 식사법’은 신선한 채소와 포화지방이 적은 단백질, 통곡물을 2:1:1 비율로 섭취하여 균형 잡힌 식습관을 제안하는 방법이다. ‘당뇨환자용 식단형 식품’..."
http://www.segye.com/newsView/20240116503340?OutUrl=naver,https://search.pstatic.net/common/?src=https%3A%2F%2Fimgnews.pstatic.net%2Fimage%2Forigin%2F022%2F2024%2F01%2F16%2F3895166.jpg&type=f200_200&expire=2&refresh=true,“아침 안 먹으면 비만·만성질환 위험 부담↑”…20대 60% 육박,"질병청 ‘2022년 국민건강통계’ 자료 모든 연령 결식률 34%…미국 16%뿐 아침 식사 거르면 만성질환 등 질병 부담 커져 ‘하루 두 끼’ 식사만 하는 현대인이 늘고 간헐적 단식 등 식습관의 유행으로 아침 식사를 거르는 이들이 많다. 우리나라 국민 중 아침 식사를 하지 않는 비율이 34%, 20대의..."
https://www.khan.co.kr/culture/culture-general/article/202401200800001,https://search.pstatic.net/common/?src=https%3A%2F%2Fimgnews.pstatic.net%2Fimage%2Forigin%2F032%2F2024%2F01%2F20%2F3274433.jpg&type=f200_200&expire=2&refresh=true,일란성 쌍둥이가 각각 채식·잡식을 8주간 했더니···‘음식이 나를 만든다’[오마주],"그 중 하나가 식습관을 보다 건강하게 바꾸는 것입니다. 저는 빵을 참 좋아하는데요, 맛있지만 건강에는 별로 이롭지 않은 음식이죠. 그래서 결심했습니다. 빵 먹는 횟수를 줄이고, 일주일에 한 번쯤은 건강한 음식을 직접 만들어 먹어보기로요. 종종 무너지긴 하지만 아직까진 그럭저럭 잘 지켜나가고..."
http://www.ikunkang.com/news/articleView.html?idxno=39328,https://search.pstatic.net/common/?src=https%3A%2F%2Fimgnews.pstatic.net%2Fimage%2Forigin%2F5454%2F2024%2F01%2F15%2F12154.jpg&type=f200_200&expire=2&refresh=true,[신년특별기획1] 건강수명 늘리는 생활습관 20가지,"과일과 채소를 충분히 섭취하는 식습관이 가져오는 유익은 셀 수 없이 많다. 충분한 섬유소 섭취는 변비 및 대장암을 예방하며, 콜레스테롤 및 혈당... 그러나 식습관이 빠르게 서구화되고 있어서 비만 인구도 늘고 있다. 질병관리청에 따르면 최근 10년간 중ㆍ고등학생 비만율은 2배 이상 증가했다. 성인 남성..."
https://kormedi.com/?p=1656195,https://search.pstatic.net/common/?src=https%3A%2F%2Fimgnews.pstatic.net%2Fimage%2Forigin%2F296%2F2024%2F01%2F19%2F73710.jpg&type=f200_200&expire=2&refresh=true,“내 항문 지켜라”... 가장 나쁜 생활 습관은?,음식 조심하고 몸 움직여야 국가암정보센터에 따르면 대장암 위험을 높이는 식습관에다 늘 오래 앉아 있는 경우 직장암 위험이 높아진다. 포화지방이 많은 붉은 고기–가공육을 즐기면서 식이섬유가 풍부한 채소를 싫어하고 몸 움직이기를 주저하면 항문이 위험해 질 수 있다. 물론 이는 최악의 상황이다. 평소...
https://www.newspim.com/news/view/20240125000572,https://search.pstatic.net/common/?src=https%3A%2F%2Fimgnews.pstatic.net%2Fimage%2Forigin%2F5002%2F2024%2F01%2F25%2F2518013.jpg&type=f200_200&expire=2&refresh=true,"파주시, '먹거리 시민학교' 교육업체 모집","먹거리 시민학교는 바른 식생활과 식습관의 중요성을 알리고 도심에 거주하는 시민을 중심으로 지역농산물의 소비를 촉진하기 위한 식생활 교육 프로그램이다. 2023년 파주시 먹거리 시민학교 수료식 모습. [사진=파주시] 2024.01.25 atbodo@newspim.com 교육은 '식생활 교육 전문강사 양성 과정', '생애주기별..."
https://health.chosun.com/site/data/html_dir/2024/01/15/2024011502295.html,https://search.pstatic.net/common/?src=https%3A%2F%2Fimgnews.pstatic.net%2Fimage%2Forigin%2F346%2F2024%2F01%2F16%2F69240.jpg&type=f200_200&expire=2&refresh=true,"변비, 방귀 참아서 걸린다고?","변비의 주요 원인은 잘못된 식습관이다. 식사를 충분히 하지 못하거나, 물을 많이 마시지 못하면 변비가 생긴다. 그러나 의외로 방귀를 너무 많이 참아도... 식이섬유 위주의 식사, 과식, 오래 앉아있기… 방귀 유발해 유독 방귀를 자주 뀌거나, 갑자기 방귀가 많아졌다면 식습관을 점검해야 한다. 배에 가스가 잘..."
http://www.popcornnews.net/news/articleView.html?idxno=51859,https://search.pstatic.net/common/?src=https%3A%2F%2Fimgnews.pstatic.net%2Fimage%2Forigin%2F5868%2F2024%2F01%2F23%2F18470.jpg&type=f200_200&expire=2&refresh=true,"풀무원, 당뇨·암환자 위한 '디자인밀 식단형 식사관리식품' 리뉴얼 출시","풀무원(대표 이효율)의 개인 맞춤형 식단 구독 서비스 '디자인밀'이 당뇨 및 암 질환자·경험자의 건강한 식습관을 위해 식품의약품안전처의 기준에... '211 식사법'은 신선한 채소와 포화지방이 적은 단백질, 통곡물을 2:1:1 비율로 섭취하여 균형 잡힌 식습관을 제안하는 방법이다. '당뇨환자용 식단형 식품..."
https://www.newspim.com/news/view/20240125000572,https://search.pstatic.net/common/?src=https%3A%2F%2Fimgnews.pstatic.net%2Fimage%2Forigin%2F5002%2F2024%2F01%2F25%2F2518013.jpg&type=f200_200&expire=2&refresh=true,"파주시, '먹거리 시민학교' 교육업체 모집","먹거리 시민학교는 바른 식생활과 식습관의 중요성을 알리고 도심에 거주하는 시민을 중심으로 지역농산물의 소비를 촉진하기 위한 식생활 교육 프로그램이다. 2023년 파주시 먹거리 시민학교 수료식 모습. [사진=파주시] 2024.01.25 atbodo@newspim.com 교육은 '식생활 교육 전문강사 양성 과정', '생애주기별..."
https://health.chosun.com/site/data/html_dir/2024/01/15/2024011502295.html,https://search.pstatic.net/common/?src=https%3A%2F%2Fimgnews.pstatic.net%2Fimage%2Forigin%2F346%2F2024%2F01%2F16%2F69240.jpg&type=f200_200&expire=2&refresh=true,"변비, 방귀 참아서 걸린다고?","변비의 주요 원인은 잘못된 식습관이다. 식사를 충분히 하지 못하거나, 물을 많이 마시지 못하면 변비가 생긴다. 그러나 의외로 방귀를 너무 많이 참아도... 식이섬유 위주의 식사, 과식, 오래 앉아있기… 방귀 유발해 유독 방귀를 자주 뀌거나, 갑자기 방귀가 많아졌다면 식습관을 점검해야 한다. 배에 가스가 잘..."
http://www.joongboo.com/news/articleView.html?idxno=363631219,https://search.pstatic.net/common/?src=https%3A%2F%2Fimgnews.pstatic.net%2Fimage%2Forigin%2F5281%2F2024%2F01%2F17%2F554769.jpg&type=ofullfill208_208_empty&expire=2&refresh=true,"광주시 어린이급식관리지원센터, 학부모 대상 '도란도란 TALK 콘서트' 진행",광주시 어린이급식관리지원센터 관계자가 17일 학부모님들을 대상으로 자녀들의 영양 섭취 등 올바른 식습관에 대한 교육을 진행하고 있다. 사진... 광주시 청년지원센터 더누리플랫폼에서 열린 '도란도란 TALK 콘서트'는 '우리 아이 키 성장과 두뇌 활성화를 위한 편식 솔루션'이란 주제로 식습관 교정 솔루션...
https://www.nspna.com/news/?mode=view&newsid=678754,https://search.pstatic.net/common/?src=https%3A%2F%2Fimgnews.pstatic.net%2Fimage%2Forigin%2F5025%2F2024%2F01%2F22%2F649047.jpg&type=ofullfill208_208_empty&expire=2&refresh=true,"장수군보건의료원, 경로당 저염식이 영양교육 실시","올바른 식습관으로 개선하기 위해 마련됐다. 의료원은 경로당을 방문해 ▲나트륨 영양표시 알기 ▲가공식품 구입 시 저염 식품 선택하기 ▲저염식으로 조리 및 식사하기(국그릇 대신 밥그릇 사용, 국물 대신 숭늉으로 대체, 절임 음식 대신 생채소 먹기 등) 등 노년기에도 건강한 식습관을 지키기 위한 ‘저염..."
http://www.metroseoul.co.kr/article/20240118500375,https://search.pstatic.net/common/?src=https%3A%2F%2Fimgnews.pstatic.net%2Fimage%2Forigin%2F5286%2F2024%2F01%2F18%2F563846.jpg&type=f200_200&expire=2&refresh=true,[민생농정 돋보기] '단돈 1000원 대학식당밥' 정부지원 전년대비 갑절,"이는 대학생 등 청년층의 건강한 식습관의 확산을 도모하기 위해 정부가 국내 주요 대학들과 함께 추진해 온 사업으로, 이른바 '1000원짜리 학식'이다.... '건강한 식습관에 도움이 되었다'라는 의견도 90%를 넘었다. 지원 규모가 확대되는 만큼 정부는 사업 관리와 홍보도 강화할 방침이다. 부실 식단을..."
https://biz.chosun.com/science-chosun/2024/01/15/UBG6A7EYANGXTHH7GX4GEFZIIY/?utm_source=naver&utm_medium=original&utm_campaign=biz,https://search.pstatic.net/common/?src=https%3A%2F%2Fimgnews.pstatic.net%2Fimage%2Forigin%2F366%2F2024%2F01%2F15%2F962361.jpg&type=f200_200&expire=2&refresh=true,[사이언스카페] 브로콜리 싫어하는 아이는 부모 탓?,타인의 부정적 표정이 음식 선호 떨어뜨려 부모의 긍정적 표정이 어린이 식습관에 영향 ”어린이는 채소 분해 냄새에 더 민감” 설명도 아침마다... 이는 식습관에 가장 큰 영향을 미치는 사회적 영향 중 하나이다. 연구진은 이번 결과에 대해 인간의 자기 방어 반응일 가능성이 있다고 설명했다....
http://www.youngnong.co.kr/news/articleView.html?idxno=45409,https://search.pstatic.net/common/?src=https%3A%2F%2Fimgnews.pstatic.net%2Fimage%2Forigin%2F5548%2F2024%2F01%2F25%2F31589.jpg&type=ofullfill208_208_empty&expire=2&refresh=true,"풀무원 디자인밀, 당뇨-암환자용 식단형식품 리뉴얼 출시","[한국영농신문 이병로 기자] 풀무원(대표 이효율)의 개인 맞춤형 식단 구독 서비스 '디자인밀'은 당뇨 및 암 질환자ㆍ경험자의 건강한 식습관을 위해... '211 식사법'은 신선한 채소와 포화지방이 적은 단백질, 통곡물을 2:1:1 비율로 섭취하여 균형 잡힌 식습관을 제안하는 방법이다. '당뇨환자용 식단형 식품..."
http://digitalchosun.dizzo.com/site/data/html_dir/2024/01/12/2024011280175.html,https://search.pstatic.net/common/?src=https%3A%2F%2Fimgnews.pstatic.net%2Fimage%2Forigin%2F5641%2F2024%2F01%2F14%2F54743.jpg&type=ofullfill208_208_empty&expire=2&refresh=true,"설탕 섭취, 이렇게 줄이세요! 건강한 식습관을 위한 설탕 조절 방법 4가지","이에 한국허벌라이프가 새해를 맞아 건강한 식습관 형성을 목표로 하는 이들을 위해 허벌라이프 월드와이드 뉴트리션의 교육 및 트레이닝 수석 상무 겸... 많이 먹고 고지방, 고설탕 음식을 더 찾는 경향을 보인다. 될 수 있으면 하루 최소 7시간 이상의 수면을 유지하는 것이 건강한 식습관 만들기에 도움을 준다."
https://www.ksilbo.co.kr/news/articleView.html?idxno=989365,https://search.pstatic.net/common/?src=https%3A%2F%2Fimgnews.pstatic.net%2Fimage%2Forigin%2F5277%2F2024%2F01%2F10%2F348437.jpg&type=f200_200&expire=2&refresh=true,"[대장암]급증하는 MZ세대 대장암, 식습관 변화 시급","▲ 김혜영 울산대학교병원 혈액종양내과 교수가 대장암으로 치료를 받은 환자와 이후 관리법에 관해 이야기하고 있다.대장암은 흔히 '서구형 선진국암'이라고 한다. 이는 서양인이 고열량 음식을 많이 먹고, 섬유질은 별로 섭취하지 않아 대장암에 많이 걸리기 때문이다. 서양인보다 아시아인은 대장암 발병이..."
https://www.gukjenews.com/news/articleView.html?idxno=2902453,https://search.pstatic.net/common/?src=https%3A%2F%2Fimgnews.pstatic.net%2Fimage%2Forigin%2F5291%2F2024%2F01%2F17%2F1941299.jpg&type=ofullfill208_208_empty&expire=2&refresh=true,"광주시 어린이급식관리지원센터, 학부모 집합교육 '도란도란 TALK 콘서트' 진행",광주시 청년지원센터 더누리플랫폼에서 열린 '도란도란 TALK 콘서트'는 '우리 아이 키 성장과 두뇌 활성화를 위한 편식 솔루션'이란 주제로 식습관 교정 솔루션 전문가인 바른식습관연구소 김아람 대표가 진행했다. TALK 콘서트는 ▲키 성장과 두뇌 발달을 위한 밥상 ▲영양소의 균형 ▲키 성장과 두뇌 발달을...
http://digitalchosun.dizzo.com/site/data/html_dir/2024/01/12/2024011280175.html,https://search.pstatic.net/common/?src=https%3A%2F%2Fimgnews.pstatic.net%2Fimage%2Forigin%2F5641%2F2024%2F01%2F14%2F54743.jpg&type=ofullfill208_208_empty&expire=2&refresh=true,"설탕 섭취, 이렇게 줄이세요! 건강한 식습관을 위한 설탕 조절 방법 4가지","이에 한국허벌라이프가 새해를 맞아 건강한 식습관 형성을 목표로 하는 이들을 위해 허벌라이프 월드와이드 뉴트리션의 교육 및 트레이닝 수석 상무 겸... 많이 먹고 고지방, 고설탕 음식을 더 찾는 경향을 보인다. 될 수 있으면 하루 최소 7시간 이상의 수면을 유지하는 것이 건강한 식습관 만들기에 도움을 준다."
https://www.ksilbo.co.kr/news/articleView.html?idxno=989365,https://search.pstatic.net/common/?src=https%3A%2F%2Fimgnews.pstatic.net%2Fimage%2Forigin%2F5277%2F2024%2F01%2F10%2F348437.jpg&type=f200_200&expire=2&refresh=true,"[대장암]급증하는 MZ세대 대장암, 식습관 변화 시급","▲ 김혜영 울산대학교병원 혈액종양내과 교수가 대장암으로 치료를 받은 환자와 이후 관리법에 관해 이야기하고 있다.대장암은 흔히 '서구형 선진국암'이라고 한다. 이는 서양인이 고열량 음식을 많이 먹고, 섬유질은 별로 섭취하지 않아 대장암에 많이 걸리기 때문이다. 서양인보다 아시아인은 대장암 발병이..."
http://mbn.mk.co.kr/pages/news/newsView.php?category=mbn00009&news_seq_no=4995155,https://search.pstatic.net/common/?src=https%3A%2F%2Fimgnews.pstatic.net%2Fimage%2Forigin%2F057%2F2024%2F01%2F16%2F1793370.jpg&type=f200_200&expire=2&refresh=true,"아침밥 거르는 20대, 60% 육박…미국인과 비교해 보니","'하루 두 끼' 식사만 하는 현대인이 늘고 간헐적 단식 등 식습관의 유행으로 아침 식사를 거르는 이들이 많습니다. 우리나라 국민 중 아침 식사를 하지 않는 비율이 34%, 20대의 경우 60%에 육박하는 것으로 나타나 미국과 큰 격차를 보였습니다. 오늘(16일) 질병관리청 '2022년 국민건강통계'에 따르면..."
https://www.ytn.co.kr/_ln/0103_202401120928174410,https://search.pstatic.net/common/?src=https%3A%2F%2Fimgnews.pstatic.net%2Fimage%2Forigin%2F052%2F2024%2F01%2F12%2F1984386.jpg&type=f200_200&expire=2&refresh=true,[뉴스라이더] 소아 당뇨? 단 거 먹어서? NO!...'1형 당뇨'의 진실,그러니까 인슐린 분비가 아예 안 되는 질환인데 이게 식습관이나 유전의 문제가 아니라는 말씀이신 거예요? [김미영] 네. 보통 어린 아이들 같은 경우는 잘못된 식습관을 들이기도 전에 진단받기도 하고요. 유전 같은 경우 저희도 저희 친청이나 시댁 쪽에 아무도 1형 당뇨로 진단받으신 분이 없거든요. 그래도...
https://www.mk.co.kr/article/10925424,https://search.pstatic.net/common/?src=https%3A%2F%2Fimgnews.pstatic.net%2Fimage%2Forigin%2F009%2F2024%2F01%2F20%2F5247486.jpg&type=f200_200&expire=2&refresh=true,"푸드테크 스타트업 코랄로, 글로벌 캠페인 ‘비거뉴어리(Veganuary) 2024’ 참여",건강한 식습관 문화를 확산하자는 취지로 동참 나서...전사 직원이 각 비건 식단을 공유해 눈길 B2B2C 푸드테크 스타트업 ‘코랄로(대표 시나 알바네즈)... 코랄로는 지속가능한 대체 수산물 푸드테크 기업으로서 새해를 맞아 건강한 식습관 문화를 확산하자는 취지로 비거뉴어리 캠페인에 참여한다. 전사...
http://www.joongboo.com/news/articleView.html?idxno=363629849,https://search.pstatic.net/common/?src=https%3A%2F%2Fimgnews.pstatic.net%2Fimage%2Forigin%2F5281%2F2024%2F01%2F09%2F553602.jpg&type=ofullfill208_208_empty&expire=2&refresh=true,"""새해엔 작심노담""… 식습관·생활습관 개선하면 금연 성공률 높아져","무엇보다 금연을 위해서는 식습관과 생활습관의 개선이 도움이 된다. 맛이 강하거나 맵고 짠 음식, 기름진 음식, 술, 카페인 등 흡연욕구를 자극하는 음식들을 피하는 것이 좋다. 또 식사 후 흡연, 기상 직후 흡연 등 일상 속 흡연 습관은 흡연 대신 차를 마시는 등의 다른 행동으로 대체하며 습관을 없애는 것이..."
http://news.heraldcorp.com/view.php?ud=20240108000353,https://search.pstatic.net/common/?src=https%3A%2F%2Fimgnews.pstatic.net%2Fimage%2Forigin%2F016%2F2024%2F01%2F08%2F2249042.jpg&type=f200_200&expire=2&refresh=true,“버터·와인 보다는 비건”...변화하는 프랑스 MZ세대 식습관 [aT와 함께하는 글로벌푸드 리포트],"‘버터·크림·와인’은 프랑스 식습관의 핵심으로 꼽히는 요소다. 하지만 최근에는 이러한 전통 식습관이 젊은 층에게서 멀어지고 있다고 8일 한국농수산식품유통공사(aT)가 전했다. 프랑스 MZ세대 사이에서는 와인과 버터 대신, 먹기 쉬운 형태로 제공되는 비건(vegan·완전 채식) 수요가 높아지는 추세다...."
http://www.mkhealth.co.kr/news/articleView.html?idxno=67115,https://search.pstatic.net/common/?src=https%3A%2F%2Fimgnews.pstatic.net%2Fimage%2Forigin%2F5717%2F2024%2F01%2F24%2F15673.jpg&type=ofullfill208_208_empty&expire=2&refresh=true,"식품과 AI '찰떡궁합'…맞춤 레시피에 영양 진단, 탄소저감까지","'적게 먹어도 건강하게 잘 챙겨 먹자'는 소비자가 주를 이루고, 좋은 식재료 고르기부터 내 몸에 필요한 영양소 챙기기, 환경보호를 위한 식습관 등이... 개인 정보를 기반으로 평소 식습관과 운동습과, 건강상태 등 설문을 통해 영양진단, 식생활 실천가이드, 맞춤 식단까지 추천해준다. 지난 새해를 맞아 걸음..."
https://www.newsclaim.co.kr/news/articleView.html?idxno=3026846,https://search.pstatic.net/common/?src=https%3A%2F%2Fimgnews.pstatic.net%2Fimage%2Forigin%2F5772%2F2024%2F01%2F23%2F32037.jpg&type=ofullfill208_208_empty&expire=2&refresh=true,해태제과 SPC 잠바주스 11번가 外(유통﻿家 이모저모),롯데쇼핑 제공 '디자인밀 식단형 식사관리식품' 리뉴얼=풀무원의 개인 맞춤형 식단 구독 서비스 '디자인밀'이 당뇨 및 암 질환자·경험자의 건강한 식습관을 위해 식품의약품안전처의 기준에 맞춰 균형 있게 설계한 '식단형 식사관리식품'을 리뉴얼해 선보인다. 리뉴얼은 기존 냉장 형태의 일일 배송...
http://www.fnnews.com/news/202401161531001396,https://search.pstatic.net/common/?src=https%3A%2F%2Fimgnews.pstatic.net%2Fimage%2Forigin%2F014%2F2024%2F01%2F16%2F5128861.jpg&type=f200_200&expire=2&refresh=true,'제로'에 빠진 소비자 잡기 나선 식음료업계,"새해를 맞아 많은 이들이 운동, 식습관 등 다양한 계획을 세우는 가운데 '제로텐티티(Zero+Identity)'를 강조한 식음료 트렌드가 이어질 것으로 전망되고 있다. 최근 배달의민족이 발표한 배달 음식 트렌드 보고서에 따르면 2022년 대비 2023년 제로 메뉴의 주문 수가 소폭 증가한 것으로 나타났다. 가볍게 즐기기..."
https://health.chosun.com/site/data/html_dir/2024/01/08/2024010801499.html,https://search.pstatic.net/common/?src=https%3A%2F%2Fimgnews.pstatic.net%2Fimage%2Forigin%2F346%2F2024%2F01%2F08%2F68778.jpg&type=f200_200&expire=2&refresh=true,남성이 여성보다 ‘대장암 발병률’ 2배 높아… 원인은 장 속 ‘이것’,"대장암은 성별, 연령, 가족력, 흡연, 식습관 등이 발병 요인으로 지목된다. 특히 남성 발병률이 여성보다 약 2배 높고, 발생 위치에도 차이가 있어 성호르몬이 발병 기전에 큰 영향을 미치는 것으로 추정된다. 최근에는 대장암, 대장선종 등 대장 질환의 발병률이 낮은 여성과 55세 이하 젊은 연령대일수록..."
http://www.namdonews.com/news/articleView.html?idxno=755678,https://search.pstatic.net/common/?src=https%3A%2F%2Fimgnews.pstatic.net%2Fimage%2Forigin%2F5539%2F2024%2F01%2F22%2F227953.jpg&type=ofullfill208_208_empty&expire=2&refresh=true,갑작스런 설사 복통…염증성 질환 '크론병'주의보,게티이미지뱅크 서구화된 식습관과 빈번한 음주환경이 더해지면서 최근 염증성 질환들이 늘고 있다. 이름도 생소한 크론병 역시 이러한 원인들로 인해 갈수록 환자들의 수가 증가하는 추세다. 실제 건강보험심사평가원 등이 공개한 자료를 보면 크론병으로 병원을 찾은 환자는 2017년 2만231명에서 2021년...
https://www.yna.co.kr/view/AKR20240111136000004?input=1195m,https://search.pstatic.net/common/?src=https%3A%2F%2Fimgnews.pstatic.net%2Fimage%2Forigin%2F001%2F2024%2F01%2F11%2F14439524.jpg&type=f200_200&expire=2&refresh=true,"관악구, 청년 1인가구에 연 1회 무료 건강검진","서울 관악구(구청장 박준희)는 건강 관리에 소홀하거나 불균형한 식습관을 갖기 쉬운 청년 1인 가구를 대상으로 무료로 건강검진을 해준다고 11일 밝혔다. 구 관계자는 ""지난해 4월 처음으로 도입한 이후 9개월간 400명이 넘는 청년이 보건소를 방문하며 큰 호응을 얻었다""며 ""올해도 무료 건강검진을 적극..."
http://www.bosa.co.kr/news/articleView.html?idxno=2214881,https://search.pstatic.net/common/?src=https%3A%2F%2Fimgnews.pstatic.net%2Fimage%2Forigin%2F5376%2F2024%2F01%2F17%2F165183.jpg&type=ofullfill208_208_empty&expire=2&refresh=true,"이대서울병원, '바른 성장 가이드' 방학특강 개최","이번 특강은 △성조숙과 성장 △소아비만의 해법 △척추측만증 가이드 △바른성장을 위한 운동가이드 △바른성장을 위한 식습관가이드 △소아환경클리닉 등을 주제로 진행됐다. 이정원 소아청소년과장은 ""겨울 방학을 맞이해 소아청소년의 올바르고 건강한 성장을 위한 특강을 준비했다""며 ""소아청소년과..."
https://www.womaneconomy.co.kr/news/articleView.html?idxno=220793,https://search.pstatic.net/common/?src=https%3A%2F%2Fimgnews.pstatic.net%2Fimage%2Forigin%2F5759%2F2024%2F01%2F21%2F27426.jpg&type=ofullfill208_208_empty&expire=2&refresh=true,"[청세] '굶거나 라면' 대학생 식탁 적신호···""돈도 시간도 없어요""",대학생들의 식단과 식습관을 파악하기 위해 2023년 11월 20일부터 24일까지 총 11명의 대학생이 먹은 음식의 종류와 섭취 시간을 조사했다. 이후 개별 면담을 통해 이들이 그런 식단과 식습관을 가지게 된 이유와 경험한 부작용을 살펴봤다. 조사 결과 모든 학생이 아침 식사를 하지 않은 적이 있었다. 그중 6명은...
http://www.newsis.com/view/?id=NISX20240109_0002586600&cID=10101&pID=10100,https://search.pstatic.net/common/?src=https%3A%2F%2Fimgnews.pstatic.net%2Fimage%2Forigin%2F003%2F2024%2F01%2F09%2F12309927.jpg&type=f200_200&expire=2&refresh=true,"외신들, '한국의 개고기 식용 금지법 통과' 신속 보도","AP통신, BBC, CNN 등 외신들이 9일 한국 국회가 개고기를 식용으로 판매하는 것을 금지하는 법안을 채택했다는 소식을 신속하게 보도했다. AP통신은 이날 한국 국회가 개고기 소비를 불법화하는 기념비적인 법안을 채택했다고 긴급 타전했다. 통신은 찬성 208대 반대 0으로 통과된 이 법안은 식용으로 개를..."
http://news.heraldcorp.com/view.php?ud=20240117000252,https://search.pstatic.net/common/?src=https%3A%2F%2Fimgnews.pstatic.net%2Fimage%2Forigin%2F016%2F2024%2F01%2F17%2F2253392.jpg&type=f200_200&expire=2&refresh=true,"더반찬&, 인공첨가물 없는 ‘클린라벨’ 제품 확대",가정간편식 전문몰 ‘더반찬&’은 자녀 식습관을 고민하는 주부들을 위해 인공첨가물이 들어가지 않은 클린라벨 제품 보강에 나섰다고 17일 밝혔다. 클린라벨 제품이란 인공첨가물 없이 자연에서 온 재료를 사용한 더반찬&의 간편식이다. 믿을 수 있는 재료와 자극적이지 않은 맛으로 온가족 건강 식단으로...
http://www.fnnews.com/news/202401111819033916,https://search.pstatic.net/common/?src=https%3A%2F%2Fimgnews.pstatic.net%2Fimage%2Forigin%2F014%2F2024%2F01%2F11%2F5127011.jpg&type=f200_200&expire=2&refresh=true,"툭하면 재발하는 역류성 식도염, 좋은 식습관 갖고 뜸·침치료 병행해야 [한의사 曰 건강꿀팁]",희망찬 갑진년에는 한의약과 함께 '신물 나는' 역류성 식도염에서 벗어나 보자. 고질적인 역류성 식도염이 치료됐다면 이미 당신의 몸은 규칙적인 생활과 조화로운 식습관에 잘 맞춰져 있음을 확신해도 좋을 것이다. 이마성 매일365 한의원장
https://biz.chosun.com/distribution/food/2024/01/10/C5VPUM3KMNF4ZMFK2HIVXQQEAE/?utm_source=naver&utm_medium=original&utm_campaign=biz,https://search.pstatic.net/common/?src=https%3A%2F%2Fimgnews.pstatic.net%2Fimage%2Forigin%2F366%2F2024%2F01%2F10%2F961234.jpg&type=f200_200&expire=2&refresh=true,"대상, 김치 페이스트·스프레드 출시... '美·유럽 식문화 반영'","이번 제품은 미국과 유럽 현지 식습관을 반영해 개발했다. 종가(Jongga) ‘DIY 김치 페이스트’는 김치를 샐러드처럼 즉석에서 만들 수 있도록 양념 형태로 만들었다. 고춧가루, 마늘, 배, 생강 등 김치 양념에 필요한 재료가 들어 있어 배추를 넣고 섞기만 하면 겉절이가 된다. 배추가 아니더라도 서구권에..."
https://www.greened.kr/news/articleView.html?idxno=310562,https://search.pstatic.net/common/?src=https%3A%2F%2Fimgnews.pstatic.net%2Fimage%2Forigin%2F5499%2F2024%2F01%2F15%2F155161.jpg&type=ofullfill208_208_empty&expire=2&refresh=true,10조 통풍치료제 시장 놓고 국내 업체 경쟁…임상 3상 진입,식습관의 서구화와 함께 젊은 층의 발병률도 크게 늘어 우리나라에서도 2015년 33만 4705명에 달하던 환자가 2022년 기준 50만 9699명으로 늘며 가파른 증가세를 보이고 있다. 통풍은 체내에서 생성된 요산이 소변 등을 통해 배출되지 않고 쌓였을 때 발생하는 대사질환이다. 혈액이나 관절액 내 요산이 결정...
https://www.vogue.co.kr/2024/01/19/%ec%97%b0%eb%a7%90%ec%97%b0%ec%8b%9c-%ea%b3%bc%ec%8b%9d-%ed%9b%84-%ec%98%81%ec%96%91%ec%82%ac%ea%b0%80-%eb%a8%b9%eb%8a%94-%eb%af%b8%ec%83%9d%eb%ac%bc%ec%97%90-%ec%a2%8b%ec%9d%80-%ed%95%ad%ec%97%bc/?utm_source=naver&utm_medium=partnership,https://search.pstatic.net/common/?src=https%3A%2F%2Fimgnews.pstatic.net%2Fimage%2Forigin%2F5301%2F2024%2F01%2F19%2F22107.jpg&type=ofullfill208_208_empty&expire=2&refresh=true,연말연시 과식 후 영양사가 먹는 미생물에 좋은 항염 수프,@sannevloet 연말 모임의 여운을 떨치고 건강한 식습관을 되찾아야겠다고 다짐한 1월 첫째 주 일요일 저녁 8시. 영양 정신의학자 이트시아르 디곤(Itziar Digón)... 또한 그녀는 수프가 미각을 되돌리고 음식을 재발견하는 데 도움이 된다면서 점심이나 저녁 식사의 애피타이저로 수프를 먹으면 좋은 식습관을...
https://www.dongascience.com/news/view/63326,https://search.pstatic.net/common/?src=https%3A%2F%2Fimgnews.pstatic.net%2Fimage%2Forigin%2F584%2F2024%2F01%2F12%2F25604.jpg&type=f200_200&expire=2&refresh=true,"덜 먹는 습관, 뇌 건강도 지켜준다",칼로리를 제한하는 식습관이 건강과 수명 증진에 도움이 된다는 사실은 잘 알려졌지만 뇌 건강에 미치는 영향은 그간 명확하지 않았다. 과학자들이 유전자에 일으키는 변화를 조사한 결과 적게 먹는 식습관은 뇌 신경세포를 보호하는 메커니즘을 활발하게 만드는 것으로 확인됐다. 리사 엘러비와 판카즈...
http://www.fnnews.com/news/202401161815265123,https://search.pstatic.net/common/?src=https%3A%2F%2Fimgnews.pstatic.net%2Fimage%2Forigin%2F014%2F2024%2F01%2F16%2F5128978.jpg&type=f200_200&expire=2&refresh=true,설탕 빼고 칼로리 줄이고… 식음료 '제로덴티티 열풍' 거세다,"새해를 맞아 많은 이들이 운동, 식습관 등 다양한 계획을 세우는 가운데 '제로덴티티(Zero+Identity)'를 강조한 식음료 트렌드가 이어질 것으로 전망되고 있다. 최근 배달의민족이 발표한 배달 음식 트렌드 보고서에 따르면 2022년 대비 2023년 제로 메뉴의 주문 수가 소폭 증가한 것으로 나타났다. 가볍게 즐기기..."
http://news.mt.co.kr/mtview.php?no=2024010414271166803,https://search.pstatic.net/common/?src=https%3A%2F%2Fimgnews.pstatic.net%2Fimage%2Forigin%2F008%2F2024%2F01%2F04%2F4982181.jpg&type=f200_200&expire=2&refresh=true,싱가포르 국립병원이 반한 K-신기술…환자 식판 스캔해 영양관리,"국내에서 영유아 맞춤형 식습관 개선 및 영양관리 서비스 '냠냠키즈'를 전국 200여곳의 어린이집과 유치원에 공급했다. 누비랩은 서비스 대상을 제2형... 연속혈당측정기(CGM)와 생성 AI 등을 연계해 식습관 관리를 통한 당뇨 질환 개선을 돕는 기술이다. 김대훈 누비랩 대표는 ""헬스케어의 핵심은 식습관..."
https://www.munhwa.com/news/view.html?no=2024011101039910018001,https://search.pstatic.net/common/?src=https%3A%2F%2Fimgnews.pstatic.net%2Fimage%2Forigin%2F021%2F2024%2F01%2F11%2F2615323.jpg&type=f200_200&expire=2&refresh=true,여성 성욕 383% 증가…흥분도 높여주는 환상의 식단,여성 쌍둥이 22쌍 대상 실험 남성의 경우는 발표되지 않아 채식과 같은 식물성 식습관을 가진 여성은 성욕이 최대 383% 증가하고 생물학적 나이가 젊어진다는 연구결과가 나왔다. 10일 뉴욕포스트에 따르면 미국 스탠퍼드 대학 크리스토퍼 가드너 박사 연구진과 영국 킹스칼리지런던 스펙터 교수 연구진은 최근...
http://news.mt.co.kr/mtview.php?no=2024011009095839477,https://search.pstatic.net/common/?src=https%3A%2F%2Fimgnews.pstatic.net%2Fimage%2Forigin%2F008%2F2024%2F01%2F10%2F4984190.jpg&type=f200_200&expire=2&refresh=true,"대상, 미·유럽 식문화 반영한 김치 페이스트·스프레드 출시","이번 제품은 미국과 유럽 등 현지인들의 식습관을 반영해 개발됐다. 종가(Jongga) 'DIY 김치 페이스트'는 김치를 샐러드처럼 즉석에서 만들 수 있도록 양념 형태로 만든 제품이다. 고춧가루, 마늘, 배, 생강 등 김치 양념에 필요한 재료가 들어 있어 배추를 넣고 섞기만 하면 겉절이가 완성된다. 배추 외에도..."
http://www.bosa.co.kr/news/articleView.html?idxno=2214858,https://search.pstatic.net/common/?src=https%3A%2F%2Fimgnews.pstatic.net%2Fimage%2Forigin%2F5376%2F2024%2F01%2F17%2F165168.jpg&type=ofullfill208_208_empty&expire=2&refresh=true,"고대의료원, 제18회 소아청소년당뇨교실 참살이캠프 개최","당뇨병을 앓는 소아청소년 대부분이 '1형 당뇨'로 인슐린 주사가 유일한 치료법이며, 유전‧식습관과 전혀 관계가 없음에도 오해를 받아 스트레스를 받는 질병이다. 이에 고대의료원은 지난 2006년부터 매년 환아 스스로 질병을 관리할 수 있는 능력을 함양하고 치료 의지를 향상시키기 위해 '참살이캠프'를..."
http://www.jbnews.com/news/articleView.html?idxno=1422326,https://search.pstatic.net/common/?src=https%3A%2F%2Fimgnews.pstatic.net%2Fimage%2Forigin%2F5283%2F2024%2F01%2F21%2F414027.jpg&type=ofullfill208_208_empty&expire=2&refresh=true,모두를 위한 식탁,나의 식습관은 견고했고 어린 자녀를 둔 가정에서 육고기를 안 먹기는 어려웠으며 끼니마다 먹을만한 채식 요리를 만들어내기에 내 요리실력은 턱없이 부족했다. 한계를 인지한 후 '채식 지향'이라는 다소 유연한 목표를 정했다. 유연하다 못해 때로는 내 다짐이 무색하여 부끄러운데도 이 화두를 놓지 못하는...
http://www.econonews.co.kr/news/articleView.html?idxno=322153,https://search.pstatic.net/common/?src=https%3A%2F%2Fimgnews.pstatic.net%2Fimage%2Forigin%2F5524%2F2024%2F01%2F15%2F281404.jpg&type=ofullfill208_208_empty&expire=2&refresh=true,"닥터바리스타 ㅂㄷㄹㅇㅂㄷㄱ…캐시워크 퀴즈는 ""OOOO""","캐시워크는 15일 ""OOOO OOO을 가진 원두""라는 문제를 출제했다. 정답은 '부드러운바디감'이다. 두 번째 문제는 ""OOO OOO 잡아보세요""이다. 정답은 '건강한식습관'이다. 퀴즈는 앱에서 참여할 수 있다. 퀴즈를 푸는 동안 상금이 모두 소진되면 캐시를 받을 수 없다."
http://news.heraldcorp.com/view.php?ud=20240118000359,https://search.pstatic.net/common/?src=https%3A%2F%2Fimgnews.pstatic.net%2Fimage%2Forigin%2F016%2F2024%2F01%2F18%2F2254100.jpg&type=f200_200&expire=2&refresh=true,‘채소→고기·생선→밥’ 거꾸로 식사법의 놀라운 효과,"간편하게 따라할 건강 식습관을 찾고 있다면 ‘거꾸로 식사법’을 주목할 만하다. 먹던 음식을 바꾸기 어렵지만, 음식 순서를 바꾸는 것은 상대적으로 쉬워서다. 방법은 간단하다. 말 그대로 먹던 순서를 ‘거꾸로’ 바꾸면 된다. 밥부터 먹지 말고, 채소·과일을 먼저 먹는다. 이후 단백질 반찬을 먹고..."
https://www.mediafine.co.kr/news/articleView.html?idxno=51942,https://search.pstatic.net/common/?src=https%3A%2F%2Fimgnews.pstatic.net%2Fimage%2Forigin%2F5443%2F2024%2F01%2F24%2F12631.jpg&type=ofullfill208_208_empty&expire=2&refresh=true,"초기 증상 없는 대장암, 정기적인 내시경 검사가 필수 [박찬욱 원장 칼럼]","맵고 짠 음식을 선호하는 한국인의 오래된 식습관과 더불어 최근 육류 및 인스턴트를 섭취하는 인구가 증가하면서 위암 및 대장암 등의 소화기 질환에... 대장암은 가족력 이외에도 연령, 식습관, 생활습관과 같은 환경적인 요인과도 관련성이 깊다. 과거에는 50-60대 이상 중장년층을 고위험군으로 선정해..."
https://kormedi.com/?p=1649797,https://search.pstatic.net/common/?src=https%3A%2F%2Fimgnews.pstatic.net%2Fimage%2Forigin%2F296%2F2023%2F12%2F31%2F73040.jpg&type=f200_200&expire=2&refresh=true,새해 계획 끝까지 지킬 수 있을까...8가지 실천 방법,"건강한 식습관, 운동, 금연 등은 매해 초면 많은 사람들이 하는 다짐이기도 하다. 미 클리블랜드 클리닉의 심리학자 수잔 앨버스 박사는 ""사람들은 해마다... 예를 들어 더 건강한 식습관을 갖고 싶다면, '가공식품을 먹지 않겠다'고 결심하기보다 '과일과 채소를 더 많이 먹겠다'고 결심하는 것이다. 또..."
https://kormedi.com/?p=1653419,https://search.pstatic.net/common/?src=https%3A%2F%2Fimgnews.pstatic.net%2Fimage%2Forigin%2F296%2F2024%2F01%2F13%2F73481.jpg&type=f200_200&expire=2&refresh=true,"""추울 땐 심장도 덜덜""...강심장 만드는 식품 5가지","보통 운동 부족과 함께 비만, 고혈압, 콜레스테롤, 나쁜 식습관 등이 심장질환의 위험을 높이는 주된 원인이다. 심장은 자기 주먹보다 약간 크고 근육으로 이루어진 장기로, 산소와 영양분을 싣고 있는 혈액을 온몸에 흐르게 하는 역할을 한다. 특히 기온이 떨어지는 겨울에는 추위에 활동량과 운동량까지..."
https://www.hankyung.com/article/2024011188977,https://search.pstatic.net/common/?src=https%3A%2F%2Fimgnews.pstatic.net%2Fimage%2Forigin%2F015%2F2024%2F01%2F12%2F4935977.jpg&type=f200_200&expire=2&refresh=true,여성 성욕 383%나 오르게 한 이 식단은?,식물성 식습관을 가진 여성은 성욕이 최대 383% 증가하고 생물학적 나이가 젊어진다는 연구결과가 나와 눈길을 끈다. 10일 현지시각 뉴욕포스트에 따르면 미국 스탠퍼드 대학 크리스토퍼 가드너 박사 연구진과 영국 킹스칼리지런던 스펙터 교수 연구진은 최근 이 같은 연구 결과를 발표했다. 보도에 따르면...
https://www.ggilbo.com/news/articleView.html?idxno=1010700,https://search.pstatic.net/common/?src=https%3A%2F%2Fimgnews.pstatic.net%2Fimage%2Forigin%2F5356%2F2024%2F01%2F15%2F668910.jpg&type=ofullfill208_208_empty&expire=2&refresh=true,[우리 척추 이야기] 체중과 척추질환의 상관관계,"다섯 번째는 식습관과 환경적 요인이다. 비만 원인의 가장 대표적인 원인이 바로 식습관과 환경적인 요인이다. 식습관은 가족적, 문화적, 심리적인 인자로 나뉠 수 있는데 불규칙한 식습관도 과도한 열량 섭취의 식습관이 비만의 대표적인 원인이 된다. 또 숨 쉴 틈 없이 빨리 먹는 습관과 바쁘다는 이유로..."
http://www.sisunnews.co.kr/news/articleView.html?idxno=205970,https://search.pstatic.net/common/?src=https%3A%2F%2Fimgnews.pstatic.net%2Fimage%2Forigin%2F5369%2F2024%2F01%2F18%2F144511.jpg&type=ofullfill208_208_empty&expire=2&refresh=true,[건강프라임_칼럼] 임플란트 필요한 경우는?...적절한 시기가 중요해,올바른 식습관과 맛있는 음식을 오랫동안 먹기 위해 치아 건강에 대한 관심도가 높아졌기 때문이다. 하지만 아직까지도 노화로 인한 혹은 우연한 사고로 인한 치아 상실에 대한 자리를 비어있는 상태로 장기간 방치하고 있는 환자들도 적지 않다. 이는 시간이나 비용에 대한 부분이 부담이 되어 아예 치료를 하지...
http://weekly.chosun.com/news/articleView.html?idxno=31463,https://search.pstatic.net/common/?src=https%3A%2F%2Fimgnews.pstatic.net%2Fimage%2Forigin%2F053%2F2024%2F01%2F11%2F40732.jpg&type=f200_200&expire=2&refresh=true,"""검게 변한 발바닥?""... 40대 이상 주의 필요한 '당뇨성 족부궤양'","40대 이상에서 주로 발생하던 당뇨병이 식습관 변화 때문에 젊은 층에서도 발생하면서, 합병증에 대한 위험이 늘고 있다. 특히 당뇨발이라고 불리는 '당뇨성 족부궤양'은 당뇨병 환자의 약 15∼25%는 한 번 이상 경험하는 것으로 알려져 생활 습관 등 주의가 요구되고 있다. 이와 관련해 서울아산병원 건강정보를..."
https://www.jjan.kr/article/20240112580030,,"익산시, 올바른 식생활 형성 맞춤형 특화사업 중점 추진",어린이 등 사회취약계층 올바른 식습관 형성 위해 올해 국가예산 3억6500만원 투입 병아리체력장&식습관 개선 프로젝트 등 10개 맞춤형 식생활 특화사업 중점 운영 익산시가 사회취약계층의 올바른 식생활 형성을 위해 행정력을 집중한다. 시에 따르면 어린이∙노인∙장애인 등 사회취약계층의 올바른 식습관...
https://zdnet.co.kr/view/?no=20240103111417,https://search.pstatic.net/common/?src=https%3A%2F%2Fimgnews.pstatic.net%2Fimage%2Forigin%2F092%2F2024%2F01%2F03%2F2316859.jpg&type=f200_200&expire=2&refresh=true,[1분건강] 금연이 힘든 당신이 읽어야 하는 글,새해 성공 금연을 위해 식습관과 생활습관 개선이나 금연클리닉 등을 활용하라는 전문가 충고가 나왔다. ﾠ 흡연은 연기가 닿는 구강·비강·후두·기도... 금연을 위해 식습관과 생활습관을 개선하는 것도 도움이 된다. 맛이 강하고 맵고 짠 음식을 피하고 기름진 음식·술·카페인 등 자극적인 음식들을 피하는...
https://health.chosun.com/site/data/html_dir/2024/01/11/2024011101945.html,https://search.pstatic.net/common/?src=https%3A%2F%2Fimgnews.pstatic.net%2Fimage%2Forigin%2F346%2F2024%2F01%2F11%2F68976.jpg&type=f200_200&expire=2&refresh=true,몸에 좋은 채소도… ‘이렇게’ 먹으면 발암물질 돌변,식도암 위험을 높이는 식습관 3가지를 알아본다. 절인 채소 피클이나 오이지처럼 소금에 절인 채소를 자주 섭취하면 식도암이 발병 위험이 커질 수 있다. 과도하게 짠 음식은 식도에 자극을 주기 때문이다. 실제로 영국암저널(British Journal of Cancer)은 음식과 식도암 사이 상관관계를 조사하기 위해 총...
https://www.sportsseoul.com/news/read/1390481?ref=naver,https://search.pstatic.net/common/?src=https%3A%2F%2Fimgnews.pstatic.net%2Fimage%2Forigin%2F468%2F2024%2F01%2F16%2F1021848.jpg&type=f200_200&expire=2&refresh=true,"남원주건강지원, ‘쿡쿡! 편식예방 어린이 요리교실’ 참여자 모집","편식 예방교육과 요리 실습을 통한 건강한 식습관 형성 사진|원주시청 남원주건강생활지원센터는 겨울방학을 맞이하여 초등학생의 건강한 식습관 형성을 위한 「쿡쿡! 편식예방 어린이 요리교실」 프로그램을 운영한다. 올바른 식습관 형성을 위한 영양교육과 쌀, 당근을 이용한 건강 컵케이크 요리..."
https://www.seoul.co.kr/news/newsView.php?id=20240110500011&wlog_tag3=naver,https://search.pstatic.net/common/?src=https%3A%2F%2Fimgnews.pstatic.net%2Fimage%2Forigin%2F081%2F2024%2F01%2F10%2F3422674.jpg&type=f200_200&expire=2&refresh=true,성욕 383% 증가…‘생물학적 나이’ 젊게 하는 기적의 식단,"채식 등 식물성 식습관을 채택한 여성은 성욕이 최대 383% 증가하고, 생물학적 나이가 젊어진다는 연구결과가 나왔다. 미국 스탠포드 대학 크리스토퍼 가드너 박사 연구진과 영국 킹스칼리지런던 스펙터 교수 연구진은 최근 위와 같은 연구 결과를 도출해냈다고 미국 일간지 뉴욕포스트가 보도했다. 연구진은..."
http://www.medisobizanews.com/news/articleView.html?idxno=113077,https://search.pstatic.net/common/?src=https%3A%2F%2Fimgnews.pstatic.net%2Fimage%2Forigin%2F5576%2F2024%2F01%2F04%2F39647.jpg&type=ofullfill208_208_empty&expire=2&refresh=true,[기고문] 잘못된 식습관이 위 역류를 불러온다?… 역류성식도염 치료법,"이는 서구화된 식습관이나 맵고 짠 자극적인 음식 섭취, 식사 후에 바로 눕는 습관 등이 원인이 된다. 이러한 생활습관이 지속 되면 여러 소화 장애 중... 담적은 선천적으로 위장이 약하거나 과식, 폭식, 급식 등 잘못된 식습관으로 위장에서 소화되지 못한 음식물 노폐물이 부패하여 형성된 담 독소를 말한다. 이..."
http://www.segye.com/newsView/20240112508921?OutUrl=naver,https://search.pstatic.net/common/?src=https%3A%2F%2Fimgnews.pstatic.net%2Fimage%2Forigin%2F022%2F2024%2F01%2F12%2F3894272.jpg&type=f200_200&expire=2&refresh=true,“먹을 권리·직업의 자유·재산권 강탈”… ‘개식용 종식법’ 위헌 가능성은 [미드나잇 이슈],"중립성…‘식습관’에 국가 개입 못해” “헌법소원, 개 반납 운동 등 모든 수단을 동원해 싸우겠다.” ‘개식용 금지 특별법’이 임시국회 본회의에서... 마찬가지로 식습관에서도 국가가 개입할 수 없는 것”이라고 설명했다. 이어 정 교수는 “국가가 해야 할 역할은 동물 학대 방지법을 강화해 도축방식..."
https://www.sportsseoul.com/news/read/1388981?ref=naver,https://search.pstatic.net/common/?src=https%3A%2F%2Fimgnews.pstatic.net%2Fimage%2Forigin%2F468%2F2024%2F01%2F11%2F1020354.jpg&type=f200_200&expire=2&refresh=true,"횡성군보건소, 찾아가는 경로당 영양 교실 운영","1월 11일에는 횡성읍 마옥리 경로당을 방문해 어르신들을 대상으로 건강한 노후를 위한 식습관과 저염‧저당화 음식 섭취, 겨울 대표 식재료인 고구마를 활용한 요리를 내용으로 교육을 진행한다. 향후 횡성군보건소는 2월 27일까지 경로당 20개소를 방문하여 영양 섭취 취약계층인 노인들을 대상으로 한 해당..."
https://kormedi.com/?p=1653221,https://search.pstatic.net/common/?src=https%3A%2F%2Fimgnews.pstatic.net%2Fimage%2Forigin%2F296%2F2024%2F01%2F11%2F73410.jpg&type=f200_200&expire=2&refresh=true,"""살 어렵게 빼지 마라!""...아침 습관만 바꿔도 절반은 왔다","하지만 그렇다 해도 살을 빼기 위해 기존 식습관과 생활방식을 통째로 바꿀 필요는 없다. 오히려 평소 생활 속에서 조금씩 변화를 주는 것이 오래 지속할... 이런 마음챙김이 건강한 식습관 형성에 도움을 주어 체중 감량에 이로운 것으로 밝혀졌다. 19개의 연구를 분석한 결과를 보면, 마음챙김에 기반한..."
http://www.kyosu.net/news/articleView.html?idxno=115057,https://search.pstatic.net/common/?src=https%3A%2F%2Fimgnews.pstatic.net%2Fimage%2Forigin%2F5150%2F2024%2F01%2F18%2F72247.jpg&type=ofullfill208_208_empty&expire=2&refresh=true,"[건강 365] 수험생에 공진단 처방, 개인 체질 특징 맞게 처방해야",식습관은 수험생이 꼭 지켜야 할 생활 속 관리로 아침을 거를 경우 뇌세포 활동이 위축되어 학습 능력과 사고력 집중력이 크게 떨어져 아침 식사는 꼭 챙겨 먹어야 한다. 뇌세포 기능에 필수적인 비타민 B가 많이 든 현미와 잡곡 등 곡물류를 충분히 섭취하는게 중요하며 채소와 해조류 등 섬유소와 비타민 C가...
http://news.heraldcorp.com/view.php?ud=20240110000446,https://search.pstatic.net/common/?src=https%3A%2F%2Fimgnews.pstatic.net%2Fimage%2Forigin%2F016%2F2024%2F01%2F10%2F2250273.jpg&type=f200_200&expire=2&refresh=true,“거꾸로 식사법 놀라워” 효과 입증 속속 발표 [식탐],"간편하게 따라할 건강 식습관을 찾고 있다면 ‘거꾸로 식사법’을 주목할 만하다. 먹던 음식을 바꾸기 어렵지만, 음식 순서를 바꾸는 것은 상대적으로 쉬워서다. 방법은 간단하다. 말 그대로 먹던 순서를 ‘거꾸로’ 바꾸면 된다. 밥부터 먹지 말고, 채소·과일을 먼저 먹는다. 이후 단백질 반찬을 먹고..."
https://kormedi.com/?p=1655138,https://search.pstatic.net/common/?src=https%3A%2F%2Fimgnews.pstatic.net%2Fimage%2Forigin%2F296%2F2024%2F01%2F17%2F73634.jpg&type=f200_200&expire=2&refresh=true,위장약이나 소화제 달고 산다면… 위장 기능 강화 식품8,"더구나 스트레스를 받거나 불규칙한 식습관을 갖고 있다면, 소화 장애와 만성 위염에 시달리기 쉽다. 그런데 위장약이나 소화제를 먹는 것보다는 근본적으로 위장 기능을 강화해주는 식품에 주목해야 한다. 위장을 보호하고 강화해주는 식품 8가지를 알아본다. ◆ 신맛의 플레인 요구르트 플레인 요구르트에서..."
http://www.segye.com/newsView/20240115510477?OutUrl=naver,https://search.pstatic.net/common/?src=https%3A%2F%2Fimgnews.pstatic.net%2Fimage%2Forigin%2F022%2F2024%2F01%2F15%2F3894843.jpg&type=f200_200&expire=2&refresh=true,"하지원, 독특한 입맛 공개…“아이스크림 비빔밥 먹어”",해와달 채널 유튜브 캡처 배우 하지원이 자신만의 독특한 식습관을 공개했다. 지난 14일 방송된 SBS 예능 프로그램 ‘미운 우리 새끼’에는 하지원이 출연했다. 이날 방송에서 MC 서장훈이 하지원을 ‘괴식 요리 전문가’라고 소개하자 하지원은 “나는 요리할 때 레시피를 안 본다”며 “하고 싶은 대로 그림...
https://www.datanet.co.kr/news/articleView.html?idxno=190088,https://search.pstatic.net/common/?src=https%3A%2F%2Fimgnews.pstatic.net%2Fimage%2Forigin%2F5096%2F2024%2F01%2F04%2F138958.jpg&type=ofullfill208_208_empty&expire=2&refresh=true,"누비랩, 싱가포르 국립병원에 디지털 헬스케어 솔루션 공급",특히 국내에서는 영유아 맞춤형 식습관 개선 및 영양관리 서비스인 '냠냠키즈'를 출시해 전국 200여 곳의 어린이집과 유치원에 도입되어 있다. 최근... 누비랩에 따르면 해당 서비스는 연속혈당측정기(CGM)와 생성형 AI 등 최신 기술과 연계해 식습관 관리를 통한 당뇨 질환 개선을 도울 수 있는 것으로 알려졌다....
https://www.ccdailynews.com/news/articleView.html?idxno=2250992,https://search.pstatic.net/common/?src=https%3A%2F%2Fimgnews.pstatic.net%2Fimage%2Forigin%2F5116%2F2024%2F01%2F15%2F904869.jpg&type=ofullfill208_208_empty&expire=2&refresh=true,"충남교육청, '2024년 영양사 역량 강화 직무연수' 운영",이번 연수는 △학생들의 올바른 식습관 형성을 위해 그림카드를 활용하여 영양상담을 하는 방법을 배우는 '그림카드로 배우는 영양상담과 내 마음 읽기' △다양한 대체육을 알고 활용법을 배우는 '저탄소 초록급식 실천' △각급 학교별 우수 사례 및 음식물쓰레기 절감 방안과 초록급식 운영 사례를 공유하는...
https://health.chosun.com/site/data/html_dir/2024/01/08/2024010802148.html,https://search.pstatic.net/common/?src=https%3A%2F%2Fimgnews.pstatic.net%2Fimage%2Forigin%2F346%2F2024%2F01%2F08%2F68799.jpg&type=f200_200&expire=2&refresh=true,서서 먹으면 살 덜 찐다는데… 따라 해볼까?,"식습관을 조금만 바꿔도 음식 섭취량이 줄어든다. 평소보다 덜 먹으니 체중 감량에 도움이 되는 건 덤이다. 무엇부터 실천해보는 게 좋을까? 우선, 식사는 약 20분 동안 해 음식을 너무 빨리 먹지 말아야 한다. 빠르게 먹는 습관은 과식을 유발해 살을 찌울 수 있다. 음식을 먹으면 위벽이 팽팽해지고, 혈당 수치가..."
https://www.ceoscoredaily.com/page/view/2024012315590305395,https://search.pstatic.net/common/?src=https%3A%2F%2Fimgnews.pstatic.net%2Fimage%2Forigin%2F5243%2F2024%2F01%2F23%2F114544.jpg&type=ofullfill208_208_empty&expire=2&refresh=true,"풀무원, 당뇨 및 암환자를 위한 ‘디자인밀 식단형 식사관리식품’ 리뉴얼 출시","풀무원(대표 이효율)의 개인 맞춤형 식단 구독 서비스 ‘디자인밀’은 당뇨 및 암 질환자·경험자의 건강한 식습관을 위해 식품의약품안전처의 기준에... ‘211 식사법’은 신선한 채소와 포화지방이 적은 단백질, 통곡물을 2:1:1 비율로 섭취하여 균형 잡힌 식습관을 제안하는 방법이다. ‘당뇨환자용 식단형..."
http://kids.donga.com/news/vv.php?type=news&id=20240103180306232208,https://search.pstatic.net/common/?src=https%3A%2F%2Fimgnews.pstatic.net%2Fimage%2Forigin%2F5557%2F2024%2F01%2F03%2F15428.jpg&type=ofullfill208_208_empty&expire=2&refresh=true,[공공정책 토크] 자립형 식생활교육으로 어린이의 건전한 식습관 돕는다,"아동기 식습관은 성인이 된 이후의 식습관에도 영향을 미치고, 올바르지 못한 식습관은 당뇨·고혈압·비만 등 만성질환으로 이어져 평생의 건강을 좌우하기 때문이라고. 박 실장은 “아동기는 건강한 삶을 유지하기 위해 생애에서 가장 중요한 시기이기 때문에 어린이를 대상으로 한 올바른 식생활교육을 통해..."
https://health.chosun.com/site/data/html_dir/2024/01/09/2024010901006.html,https://search.pstatic.net/common/?src=https%3A%2F%2Fimgnews.pstatic.net%2Fimage%2Forigin%2F346%2F2024%2F01%2F09%2F68818.jpg&type=f200_200&expire=2&refresh=true,도저히 안 없어지는 '뱃살'… 두 가지 지키면 순식간에 빠져,"뱃살 감량에 효과적인 식습관과 운동법을 알아본다. 간헐적 단식, 정제 탄수화물 줄이기 도움 1120만명 구독자를 보유한 유튜버이자 아마존닷컴... 복부지방의 주원인인 탄수화물 위주의 식습관을 피하는 것도 중요하다. 탄수화물을 끊어내기 어렵다면 우선 하루 권장량인 300~400g을 초과하지 않도록 한다. 이때..."
https://www.dongascience.com/news/view/63164,https://search.pstatic.net/common/?src=https%3A%2F%2Fimgnews.pstatic.net%2Fimage%2Forigin%2F584%2F2024%2F01%2F03%2F25488.jpg&type=f200_200&expire=2&refresh=true,"""새해 금연하겠다고 니코틴 패치·껌 함부로 사용 안돼""","식습관과 생활습관을 교정하면 금연을 하는 데 도움이 된다. 그래도 담배를 끊기 어렵다면 의료기관의 도움을 받을 것이 권장된다. 흡연은 연기가 닿는... 금연에 성공하기 위해서는 식습관과 생활습관 개선이 권장된다. 이 교수는 “맵고 짜고 맛이 강한 음식, 기름진 음식, 술·카페인 등 자극적인 음식은 피하는..."
http://www.dailypop.kr/news/articleView.html?idxno=74236,https://search.pstatic.net/common/?src=https%3A%2F%2Fimgnews.pstatic.net%2Fimage%2Forigin%2F5516%2F2024%2F01%2F03%2F34361.jpg&type=ofullfill208_208_empty&expire=2&refresh=true,"AI 기반 건강관리 스타트업 '태한상사', 식습관 개선 플랫폼 '싱그릿' 개발","가구의 식습관 개선과 건강관리를 기대한다""고 전했다. 또 '태한상사'는 팀원 모두가 하나의 목표를 바라보며 다양한 배경과 지식을 공유해 서로 배우는 것을 중요하게 생각하고 각자의 전문성과 창의력을 결합하여 1인 가구의 식습관 개선에 기여하는 공통의 목표를 가지고 있다고 말했다. 더불어 '태한상사..."
https://health.chosun.com/site/data/html_dir/2024/01/12/2024011201796.html,https://search.pstatic.net/common/?src=https%3A%2F%2Fimgnews.pstatic.net%2Fimage%2Forigin%2F346%2F2024%2F01%2F13%2F69066.jpg&type=f200_200&expire=2&refresh=true,노화 늦춰주는 지중해 식단 핵심은 바로 ‘이것’,"서울아산병원 노년내과 정희원 교수는 방송에서 지금의 30~40세대가 부모 세대보다 신체 노화 속도가 가속화되고 있는 원인을 ‘식습관’으로 꼽았다. 건강한 식습관, 신체활동, 회복 수면, 절주 등을 통해 저속 노화를 실현시킬 수 있다. 세계보건기구(WHO)가 건강하고 지속 가능한 식생활 문화로 선정한 ‘지중해..."
https://www.raonnews.com/news/article.html?no=31968,https://search.pstatic.net/common/?src=https%3A%2F%2Fimgnews.pstatic.net%2Fimage%2Forigin%2F5874%2F2024%2F01%2F24%2F21644.jpg&type=ofullfill208_208_empty&expire=2&refresh=true,"여유증 수술 후 발생하는 흉터 문제, 겨드랑이 절개방식 통해 해결 가능","최근에는 식습관이나 생활습관의 변화로 인해 비만 인구가 더 늘어나면서 이러한 경향이 더 짙어졌다. 실제로, 여유증이 심해진 사람들은 마치 여자처럼 가슴이 튀어나오기 때문에, 자신감이 떨어지고 콤플렉스가 생길 수 있다. 수영장과 같은 장소는 꿈도 꾸지 못하고, 날씨가 무더운 여름에도 얇은 옷을 입지..."
https://www.vegannews.co.kr/news/article.html?no=17564,https://search.pstatic.net/common/?src=https%3A%2F%2Fimgnews.pstatic.net%2Fimage%2Forigin%2F5888%2F2024%2F01%2F17%2F3288.jpg&type=ofullfill208_208_empty&expire=2&refresh=true,"[V헬스] 가슴답답, 복부팽만감, 속쓰림 유발하는 신경성위염, 치료방법은?","또 한 불규칙한 식습관, 폭식, 과식, 과음, 과로, 스트레스 등이 원인이 돼 발생하기도 한다. 신경성위염으로 인한 증상에는 가슴에서 위로 올라는 속쓰림... 잘못된 식습관으로 인해 위장 내에 음식물이 제대로 소화되지 못하면 진액이 정상적인 순환 작용을 하지 못하고, 가래처럼 탁하고 걸쭉한 병리 물질로..."
https://www.gukjenews.com/news/articleView.html?idxno=2900203,https://search.pstatic.net/common/?src=https%3A%2F%2Fimgnews.pstatic.net%2Fimage%2Forigin%2F5291%2F2024%2F01%2F15%2F1939348.jpg&type=ofullfill208_208_empty&expire=2&refresh=true,"충남도교육청, '2024년 영양사 역량 강화 직무연수' 운영",이번 연수는 △학생들의 올바른 식습관 형성을 위해 그림카드를 활용하여 영양상담을 하는 방법을 배우는 '그림카드로 배우는 영양상담과 내 마음 읽기' △다양한 대체육을 알고 활용법을 배우는 '저탄소 초록급식 실천' △각급 학교별 우수 사례 및 음식물쓰레기 절감 방안과 초록급식 운영 사례를 공유하는...
https://health.chosun.com/site/data/html_dir/2024/01/23/2024012302618.html,https://search.pstatic.net/common/?src=https%3A%2F%2Fimgnews.pstatic.net%2Fimage%2Forigin%2F346%2F2024%2F01%2F24%2F69657.jpg&type=f200_200&expire=2&refresh=true,"대장암 일으키는 대장용종 막고 싶다면, ‘이렇게’ 식사하세요","특히 육류, 당분, 지방을 많이 섭취하는 식습관이 대장용종의 대표적인 위험 인자다. 대장은 음식물이 소화, 흡수한 후, 대변으로 남은 음식물을 체외 배출하는 기관이다. 용종은 식습관과 밀접한 연관이 있을 수밖에 없다. 그렇다면 종양성 용종을 예방하기 위해선 어떤 식습관이 필요할까? 끼니마다 콩..."
https://www.kwnews.co.kr/page/view/2024011110014244225,https://search.pstatic.net/common/?src=https%3A%2F%2Fimgnews.pstatic.net%2Fimage%2Forigin%2F087%2F2024%2F01%2F11%2F1019380.jpg&type=f200_200&expire=2&refresh=true,횡성 찾아가는 경로당 영양 교실,"횡성군보건소(소장:김영대)는 11일 횡성읍 마옥리 경로당을 방문해 고령 주민들을 대상으로 건강한 노후를 위한 식습관과 저염‧저당화 음식 섭취, 겨울 대표 식재료인 고구마를 활용한 요리를 내용으로 교육을 했다. 군보건소는 다음달 27일까지 경로당 20곳을 방문해 영양 섭취 취약계층인 노인들을..."
https://www.sedaily.com/NewsView/29YPOGN3IJ,https://search.pstatic.net/common/?src=https%3A%2F%2Fimgnews.pstatic.net%2Fimage%2Forigin%2F011%2F2023%2F12%2F30%2F4280730.jpg&type=f200_200&expire=2&refresh=true,"고혈압 등 만성질환, 겨울철 합병증 '주의보'","겨울철 혈관 수축…적절한 운동과 식습관 관리 필수 만성 질환을 예방하려면 먼저 운동과 식습관 개선이 필요하다. 되도록 카페인 섭취를 줄이고 자극적은 음식을 피해야 한다. 신선한 과일과 채소를 섭취하는 것이 좋다. 김치, 찌개, 장류 등 섭취를 줄이고 평소 음식을 싱겁게 먹는 것이 좋다. 국물에는..."
https://sports.donga.com/article/all/20240116/123072171/2,https://search.pstatic.net/common/?src=https%3A%2F%2Fimgnews.pstatic.net%2Fimage%2Forigin%2F382%2F2024%2F01%2F16%2F1100274.jpg&type=f200_200&expire=2&refresh=true,"충남교육청, ‘영양사 역량 강화 연수’ 운영",16일 교육청에 따르면 이번 연수는 △학생들의 올바른 식습관 형성을 위해 그림 카드를 활용해 영양상담을 하는 방법을 배우는 ‘그림 카드로 배우는 영양상담과 내 마음 읽기’ △다양한 대체육을 알고 활용법을 배우는 ‘저탄소 초록 급식 실천’ △각급 학교별 우수 사례 및 음식물쓰레기 절감 방안과 초록...
http://www.seouland.com/arti/society/society_general/15203.html,https://search.pstatic.net/common/?src=https%3A%2F%2Fimgnews.pstatic.net%2Fimage%2Forigin%2F028%2F2024%2F01%2F11%2F2672442.jpg&type=f200_200&expire=2&refresh=true,"관악구, 청년 1인 가구 무료 건강검진 시행","구는 지난해부터 평소 학업, 취업 등의 이유로 건강 관리에 신경 쓰기 어렵거나 야식, 과도한 맵.단.짠 식사 등 불균형한 식습관을 갖기 쉬운 청년 1인 가구를 대상으로 맞춤형 검진을 지원하고 있다. 지난해에는 약 9개월간 400명이 넘는 청년들이 보건소를 방문했다. 올해도 관악구에 주소지를 둔 19세~39세..."
https://www.medicaltimes.com/Main/News/NewsView.html?ID=1157062&ref=naverpc,https://search.pstatic.net/common/?src=https%3A%2F%2Fimgnews.pstatic.net%2Fimage%2Forigin%2F5391%2F2024%2F01%2F22%2F64577.jpg&type=ofullfill208_208_empty&expire=2&refresh=true,"""당뇨병 낙인·차별 종식시켜야"" 국제합의문 마련","나쁜 식습관이나 생활습관 등으로 당뇨병에 걸렸다는 식의 편견, 낙인을 종식시키기 위한 국제합의문이 마련됐다.당뇨병 환자들에 대한 부정적인 사회적 판단과 고정관념은 환자에 대한 정서적, 정신적, 신체적 건강에 악영향을 미쳐 이는 결코 치료에 도움이 되지 않는다는 것.당뇨병 환자의 다섯 명 중 네..."
https://health.chosun.com/site/data/html_dir/2024/01/05/2024010500602.html,https://search.pstatic.net/common/?src=https%3A%2F%2Fimgnews.pstatic.net%2Fimage%2Forigin%2F346%2F2024%2F01%2F07%2F68735.jpg&type=f200_200&expire=2&refresh=true,혈압 효과적으로 낮춰주는 '빨간 채소'의 정체,"참여자들은 생활방식과 건강 상태, 토마토 섭취를 포함한 식습관에 대한 설문지를 작성했다. 토마토 섭취량은 생 토마토와 토마토소스, 가스파초 등 토마토 제품을 섭취하는 것을 모두 포함했다. 연구팀은 참여자들을 토마토 및 토마토 기반 식품 섭취량에 따라 ▲적음(44g 미만) ▲보통(44~82g) ▲중간..."
https://kormedi.com/?p=1649827,https://search.pstatic.net/common/?src=https%3A%2F%2Fimgnews.pstatic.net%2Fimage%2Forigin%2F296%2F2023%2F12%2F29%2F73000.jpg&type=f200_200&expire=2&refresh=true,대장암 암 1위 가나... “오늘 대변 살폈나요?”,"식습관의 큰 변화 음식 관련성이 가장 높은 암이 바로 대장암과 위암이다. 짠 음식을 주의하라는 경고가 잇따라 나오면서 과거보다 덜 짜게 먹으면서... 대장암은 채소 위주의 예전 '집밥'이 점차 줄고 육류, 가공육(햄-소시지 등), 튀김 등을 많이 먹는 식습관이 큰 영향을 미치고 있다. 과식에 붉은 고기..."
https://www.allurekorea.com/2024/01/05/%eb%82%98%eb%8f%84-%eb%aa%a8%eb%a5%b4%ea%b2%8c-%ec%95%94-%ec%9c%a0%eb%b0%9c%ed%95%98%eb%8a%94-%ec%9e%98%eb%aa%bb%eb%90%9c-%ec%8a%b5%ea%b4%80-5/?utm_source=naver&utm_medium=partnership,https://search.pstatic.net/common/?src=https%3A%2F%2Fimgnews.pstatic.net%2Fimage%2Forigin%2F5304%2F2024%2F01%2F05%2F15509.jpg&type=ofullfill208_208_empty&expire=2&refresh=true,나도 모르게 암 유발하는 잘못된 습관 5,5.잘못된 식사 습관 항암 치료에서 빠질 수 없는 것은 바로 식습관 관리입니다. 식습관은 평생에 걸쳐 체화된 것이기 때문에 쉽게 원인을 분석하기 어려울 수 있어요. 특히 암은 종류별로 각기 다른 잘못된 식습관이 형성되어 있을 수 있는데요. 식도암의 경우 뜨거운 음식이나...
https://www.hani.co.kr/arti/society/health/1125334.html,https://search.pstatic.net/common/?src=https%3A%2F%2Fimgnews.pstatic.net%2Fimage%2Forigin%2F028%2F2024%2F01%2F22%2F2673793.jpg&type=f200_200&expire=2&refresh=true,"93살에 신체능력 30대…운동에 늦은 때란 없다, 루틴을 알아보자","최근 아일랜드 한 대학 연구진이 모건의 신체와 운동 능력을 연구한 결과를 공개하고 그의 운동법과 식습관을 소개했다. 연구진의 결론은 평범하지만... 운동법, 식습관 등을 분석해 미국 응용생리학저널에 실은 연구 결과를 소개했다. 아일랜드 코크에 사는 모건은 실내에서 로잉 머신(실내조정기구)에 올라..."
http://www.fsnews.co.kr/news/articleView.html?idxno=51466,https://search.pstatic.net/common/?src=https%3A%2F%2Fimgnews.pstatic.net%2Fimage%2Forigin%2F5470%2F2024%2F01%2F16%2F28092.jpg&type=ofullfill208_208_empty&expire=2&refresh=true,"충남교육청, 영양사 역량강화에 나서",· 이번 연수는 ▲학생들의 올바른 식습관 형성을 위해 그림카드를 활용해 영양상담을 하는 방법을 배우는 '그림카드로 배우는 영양상담과 내 마음 읽기' ▲다양한 대체육을 알고 활용법을 배우는 '저탄소 초록급식 실천' ▲각급 학교별 우수 사례 및 음식물쓰레기 절감 방안과 초록급식 운영 사례를 공유하는...
http://www.withinnews.co.kr/news/view.html?section=1&category=97&item=&no=32424,https://search.pstatic.net/common/?src=https%3A%2F%2Fimgnews.pstatic.net%2Fimage%2Forigin%2F5636%2F2024%2F01%2F11%2F13787.jpg&type=ofullfill208_208_empty&expire=2&refresh=true,"[인터뷰] 삼육유기농 김호규 사장, ""채식, 비건시장 로컬푸드가 답""","""비건 식습관은 지구 환경을 보호하고 지속 가능한 미래를 위해 중요한 역할을 합니다. 가축의 생산에 필요한 수많은 자원과 에너지를 절약할 수 있으며, 비건 식습관은 쓰레기량과 온실가스의 배출량도 절감할 수 있습니다.""또한, 비행기나 배를 타고 오는 과일이나 채소가 국내에서 생산되는 고기보다..."
https://www.pharmnews.com/news/articleView.html?idxno=237751,https://search.pstatic.net/common/?src=https%3A%2F%2Fimgnews.pstatic.net%2Fimage%2Forigin%2F5828%2F2024%2F01%2F08%2F29027.jpg&type=ofullfill208_208_empty&expire=2&refresh=true,"쉽게 재발하는 역류성식도염, 개인별 원인 분석 이뤄져야",강기원 대표원장 올바른 식습관을 지키기에는 행사나 모임 등 사회생활로 쉽지 않아 잘못된 식습관을 유지하는 경우가 많다. 하지만 잘못된 식습관이 계속되거나 스트레스를 받았는데도 적절히 해소하지 못해 누적되면 우리 몸속 위장과 소화 기능이 저하해 역류성식도염이 찾아올 수 있어 주의가 필요하다....
http://www.hitnews.co.kr/news/articleView.html?idxno=51274,https://search.pstatic.net/common/?src=https%3A%2F%2Fimgnews.pstatic.net%2Fimage%2Forigin%2F5911%2F2024%2F01%2F13%2F6464.jpg&type=f200_200&expire=2&refresh=true,30~40대 젊은 대장암 환자 늘어… 과당류 섭취 원인,"최근 젊은 환자 증가… 유전 요인보다 식습관 주의 필요 서울아산병원 김태원 교수(암병원장)에 따르면 염증성 장 질환, 궤양성 대장염, 크론병을 통상적인 대장암 위험군으로 보는데, 가족력, 나이 역시 중요한 발병인자다. 최근에는 대장암 발병은 식습관과 깊은 연관이 있다는 것으로 알려져 있다...."
http://www.cctimes.kr/news/articleView.html?idxno=782711,https://search.pstatic.net/common/?src=https%3A%2F%2Fimgnews.pstatic.net%2Fimage%2Forigin%2F5498%2F2024%2F01%2F14%2F264953.jpg&type=ofullfill208_208_empty&expire=2&refresh=true,만성질환 다 같이 관리합시다,"발생 원인으로는 흡연, 부족한 운동, 나쁜 식습관과 같은 생활 습관, 유전, 생리적 기전 변화 등이 복합적으로 얽혀있다. 이러한 만성질환은 현대사회의 서구화된 식습관과 생활습관으로 인해 지속적으로 증가하고 있다. 2022년 건강보험 가입자와 피부양자를 대상으로 실시한 일반 건강검진에서 60% 가량이 질환자..."
https://www.yna.co.kr/view/AKR20240103050800004?input=1195m,https://search.pstatic.net/common/?src=https%3A%2F%2Fimgnews.pstatic.net%2Fimage%2Forigin%2F001%2F2024%2F01%2F03%2F14422745.jpg&type=f200_200&expire=2&refresh=true,"관악구, 만 20~64세 대사증후군 무료검사 서비스","이를 예방하려면 식습관과 신체 활동량 늘리기 등 생활 습관을 개선해야 한다고 구는 설명했다. 이에 관악구 보건소의 건강관리센터는 구민의 생활 습관 문제를 전문가와 함께 파악하고 개인별 건강 수준에 맞는 체계적인 건강관리 프로그램을 제공한다. 검사 내용은 공복혈당, 혈압, 허리둘레, 중성지방..."
https://www.sportsseoul.com/news/read/1386617?ref=naver,https://search.pstatic.net/common/?src=https%3A%2F%2Fimgnews.pstatic.net%2Fimage%2Forigin%2F468%2F2024%2F01%2F03%2F1017988.jpg&type=f200_200&expire=2&refresh=true,"새해 ‘금연 결심’, 실패하지 않고 성공하려면?",금연에 성공하기 위해선 식습관 및 생황습관 개선 노력과 함께 금연클리닉을 운영하고 있는 의료기관의 도움을 받는 게 좋다. 사진 | 고려대의료원 새해가 되면 새로운 마음으로 금연을 결심하는 사람들이 많다. 하지만 금연을 꾸준히 실천하고 성공에 이르는 사람은 그리 많지 않다. 강한 중독성과 금단증상...
http://www.newsmaker.or.kr/news/articleView.html?idxno=147688,https://search.pstatic.net/common/?src=https%3A%2F%2Fimgnews.pstatic.net%2Fimage%2Forigin%2F5159%2F2024%2F01%2F08%2F130064.jpg&type=f200_200&expire=2&refresh=true,건강한 식문화의 대중화와 유기가공식품 활성화에 박차를 가하다,"건강한 식습관 키워주는 유기농 기호식품 개발에 매진 부산대학교 식품영양학 이학석사 및 경성대학교 식품생명공학과 공학박사 학위를 받은 문지윤... 건강한 식습관과 생활습관질환에 대한 열정적인 강의를 펼쳐왔다. 이후 비만, 당뇨병, 고혈압 등 생활습관질환의 소인을 가진 이들도 섭취가 가능한..."
https://gg.newdaily.co.kr/site/data/html/2023/12/29/2023122900023.html,https://search.pstatic.net/common/?src=https%3A%2F%2Fimgnews.pstatic.net%2Fimage%2Forigin%2F5005%2F2023%2F12%2F29%2F786604.jpg&type=ofullfill208_208_empty&expire=2&refresh=true,[의학칼럼]소화기 질환의 원인과 증상,"우리의 식습관, 생활 패턴, 스트레스 등 다양한 요인에 의해 발생할 수 있다. 오늘은 소화기 질환의 일반적인 원인과 증상에 대해 알아보도록 하겠다.... 이러한 소화기 질환의 주요 원인 중 하나는 부적절한 식습관이다. 과식, 고지방 식품 섭취, 알코올과 카페인 과다 섭취, 불규칙한 식사는 소화기 질환을 유발할..."
https://www.busan.com/view/busan/view.php?code=2024011114524748796,https://search.pstatic.net/common/?src=https%3A%2F%2Fimgnews.pstatic.net%2Fimage%2Forigin%2F082%2F2024%2F01%2F14%2F1250985.jpg&type=f200_200&expire=2&refresh=true,(주)경성리츠 웰리빙헬스케어전문가그룹-대한메포츠협회 협약,경성리츠 웰리빙헬스케어전문가그룹과 대한메포츠협회는 지난 11일 부산진구 범천동 아카이브4h 실버텔에서 액티브 시니어의 올바른 식습관과 운동습관 정립을 위한 업무 협약식을 가졌다. 이번 협약 내용은 웰리빙전문가그룹이 메포츠에서 이뤄지는 전문적인 검사와 의사 처방을 기반으로 운동 관리와 식단...
https://www.starnewskorea.com/stview.php?no=2024011421073353840,https://search.pstatic.net/common/?src=https%3A%2F%2Fimgnews.pstatic.net%2Fimage%2Forigin%2F108%2F2024%2F01%2F14%2F3208873.jpg&type=f200_200&expire=2&refresh=true,"하지원, 괴식 고백 ""사과 김치찌개→아이스크림 밥..레시피 안 봐""(미우새)","배우 하지원이 괴식(괴이한 식습관)을 고백해 놀라움을 안겼다. 14일 방송된 SBS '미운 우리 새끼'(이하 '미우새')에는 하지원이 스페셜 MC로 출연해 다양한... 하지원은 괴이한 식습관을 고백하기도. 그는 ""저는 요리할 때 레시피를 안 보고, 하고 싶은 대로 한다""며 사과 김치찌개, 로즈메리 라면, 아이스크림 비빔밥..."
https://kormedi.com/?p=1657160,https://search.pstatic.net/common/?src=https%3A%2F%2Fimgnews.pstatic.net%2Fimage%2Forigin%2F296%2F2024%2F01%2F23%2F73839.jpg&type=f200_200&expire=2&refresh=true,“내 췌장 지켜라”... 가족력 없는데 갑자기 ‘이 증상’이?,"식습관의 변화가? 2023년 12월 발표된 중앙암등록본부 자료에 의하면 췌장암은 2021년에만 8872 명의 신규 환자가 나왔다. 전체 암 8위다. 남녀의 성비는 1.1... 당뇨, 만성췌장염, 유전 등도 위험을 높이지만 최근 대장암처럼 식습관 변화가 주목받고 있다. 육가공류, 붉은 고기 과다 섭취 vs 채소, 과일, 콩류, 통곡류..."
http://www.newstnt.com/news/articleView.html?idxno=335929,https://search.pstatic.net/common/?src=https%3A%2F%2Fimgnews.pstatic.net%2Fimage%2Forigin%2F5788%2F2024%2F01%2F15%2F104459.jpg&type=ofullfill208_208_empty&expire=2&refresh=true,"충남교육청, '2024년 영양사 역량 강화 직무연수' 운영",이번 연수는 △학생들의 올바른 식습관 형성을 위해 그림카드를 활용하여 영양상담을 하는 방법을 배우는 '그림카드로 배우는 영양상담과 내 마음 읽기' △다양한 대체육을 알고 활용법을 배우는 '저탄소 초록급식 실천' △각급 학교별 우수 사례 및 음식물쓰레기 절감 방안과 초록급식 운영 사례를 공유하는...
https://www.dailian.co.kr/news/view/1314309/?sc=Naver,https://search.pstatic.net/common/?src=https%3A%2F%2Fimgnews.pstatic.net%2Fimage%2Forigin%2F119%2F2024%2F01%2F06%2F2786949.jpg&type=f200_200&expire=2&refresh=true,5070 액티브 시니어의 몸·마음 지키는 '건강 테라피' 뜬다,"65세 이상 시니어 대상으로 한 프로그램은 10주 동안 식습관, 운동습관, 수면습관에 대한 이론 교육과 활동으로 이뤄져 있다. 식습관 교육은 영양균형 실천과 대사증후군 및 심혈관 질환 예방 식사법 이론 교육과 나만의 밥상 차리기, 푸드테라피 등으로 구성되어 있고, 운동습관과 수면습관은 시니어 맞춤..."
http://www.yonhapnewstv.co.kr/MYH20240103004000641/?input=1825m,https://search.pstatic.net/common/?src=https%3A%2F%2Fimgnews.pstatic.net%2Fimage%2Forigin%2F422%2F2024%2F01%2F03%2F637582.jpg&type=f200_200&expire=2&refresh=true,[출근길 인터뷰] 걸린 줄도 모르는 '이 질환'…인지율·치료율 '최하',새해를 맞아 건강을 위해 운동을 하거나 식습관을 고치려는 분들 많으실 텐데요. 그런데 우리나라 600만 명이 '이 질환'을 앓고 있는데 절반은 정작 잘... 이런 것에는 아무래도 운동 시간도 많이 줄어들게 되고 배달 음식을 많이 이용한다든지 아니면 식습관이 굉장히 서구화되면서 최근에 우리나라 젊은 층들이...
https://mdtoday.co.kr/news/view/1065603572590651,https://search.pstatic.net/common/?src=https%3A%2F%2Fimgnews.pstatic.net%2Fimage%2Forigin%2F5269%2F2024%2F01%2F05%2F249355.jpg&type=f200_200&expire=2&refresh=true,"다이어트 약 처방, 개인 맞춤형으로 부작용 최소화해야","현대인의 잘못된 식습관, 생활습관으로 인해 비만 환자는 시간이 지날수록 느는 추세이다. 하지만 식단관리와 운동만으로 체중을 감량하는 이들이 적어... 이때 식습관 관리 및 운동을 꾸준히 실천하면 이보다 많은 체중을 감량할 수 있다. 다이어트약은 크게 식욕을 억제하는 식욕억제제와 비식욕억제제로..."
https://news.jtbc.co.kr/article/article.aspx?news_id=NB12159994,https://search.pstatic.net/common/?src=https%3A%2F%2Fimgnews.pstatic.net%2Fimage%2Forigin%2F437%2F2024%2F01%2F09%2F374501.jpg&type=f200_200&expire=2&refresh=true,"""김 여사 추진 의지 영향""…외신도 주목한 '개식용금지법' 통과","특히 젊은 세대가 개고기를 외면하는 등 문화와 식습관이 달라진 게 결정적이었다고 평가했습니다. 박소연 기자입니다. [기자] ""논란의 소지가 있었던 개고기 소비 관행이 식습관 변화로 종식됐다"" 미국 CNN이 오늘 우리나라 국회를 통과한 개 식용 금지법을 이렇게 평가했습니다. 전통적으로 한국에서 개고기는..."
http://www.newsis.com/view/?id=NISX20240126_0002606010&cID=10401&pID=10400,https://search.pstatic.net/common/?src=https%3A%2F%2Fimgnews.pstatic.net%2Fimage%2Forigin%2F003%2F2024%2F01%2F26%2F12341460.jpg&type=f200_200&expire=2&refresh=true,1인당 쌀 소비량 39년째↓…하루에 즉석밥 한 개도 안 먹는다,"전한영 농식품부 식량정책관은 ""쌀 공급과잉 구조를 완화하기 위해 앞으로도 쌀 소비 촉진을 위한 다각적인 정책을 발굴하고 홍보도 강화하겠다""며 ""천원의 아침밥 등 쌀 중심의 식습관 형성과 쌀 가공산업을 육성해 전후방 연관 산업의 동반성장을 추진하겠다""고 말했다."
https://www.sportsseoul.com/news/read/1389064?ref=naver,https://search.pstatic.net/common/?src=https%3A%2F%2Fimgnews.pstatic.net%2Fimage%2Forigin%2F468%2F2024%2F01%2F11%2F1020435.jpg&type=f200_200&expire=2&refresh=true,"[포토]횡성군보건소, 횡성읍 마옥리 경로당 ‘찾아가는 경로당 영양 교실’ 운영","사진|횡성군청 횡성군보건소(소장 김영대)는 11일 횡성읍 마옥리 경로당을 방문해 어르신들을 대상으로 건강한 노후를 위한 식습관과 저염·저당화 음식 섭취, 겨울 대표 식재료인 고구마를 활용한 요리를 내용으로 교육을 진행했다."
https://news.jtbc.co.kr/article/article.aspx?news_id=NB12159930,https://search.pstatic.net/common/?src=https%3A%2F%2Fimgnews.pstatic.net%2Fimage%2Forigin%2F437%2F2024%2F01%2F09%2F374455.jpg&type=f200_200&expire=2&refresh=true,[영상] 세계보건기구가 권한 하루 과일·채소 섭취량 몇 그램?,"올바른 식습관을 갖는 것이 소중한 건강을 지키는 첫 걸음인데요. BBC가 소개한 식습관 개선을 위한 수칙 Top3를 알아봅시다. 첫번째, 과일 채소를 매일 꼭. 세계보건기구(WHO)는 날마다 최소한 400g의 과일, 채소 섭취를 권고했는데요. 심장병, 뇌졸중, 암에 걸릴 위험을 줄이기 위해서입니다. 두번째, 발효식품..."
https://www.rapportian.com/news/articleView.html?idxno=202561,https://search.pstatic.net/common/?src=https%3A%2F%2Fimgnews.pstatic.net%2Fimage%2Forigin%2F5248%2F2024%2F01%2F17%2F80830.jpg&type=ofullfill208_208_empty&expire=2&refresh=true,"날이 갈수록 쳐지는 피부 탄력, 다시 끌어올리기 위해서는?",좋은 식습관과 피부과 시술로 이러한 고민을 해결해 줄 수 있는데 그 대표적인 시술로 고주파 마이크로니들링이 각광받고 있다. 고주파 마이크로 니들링은 기미와 색소 그리고 탄력을 동시에 끌어올려 밝고 탄력있는 피부로 가꿀 수 있는 장점이 많은 시술인데 특히 실펌엑스(Sylfirm X)는 요즘 입소문이 나고...
https://news.jtbc.co.kr/article/article.aspx?news_id=NB12160029,https://search.pstatic.net/common/?src=https%3A%2F%2Fimgnews.pstatic.net%2Fimage%2Forigin%2F437%2F2024%2F01%2F10%2F374550.jpg&type=f200_200&expire=2&refresh=true,"외신도 주목한 보신탕 문화…""수 세기 이어진 관행 종식돼""","""법안이 드물게 초당적 찬성""을 받아 압도적으로 통과됐다며, 그 배경으로 젊은 세대의 식습관 변화와 반려동물 보편화를 꼽았습니다. CNN과 BBC 등은 이 법안을 김건희 여사가 지지했고, 법안 통과에도 큰 역할을 했다고 평가했습니다. AP통신은 개 식용 금지법이 통과됐지만 여전히 개 식용 문제가 논쟁거리로..."
https://kormedi.com/?p=1651384,https://search.pstatic.net/common/?src=https%3A%2F%2Fimgnews.pstatic.net%2Fimage%2Forigin%2F296%2F2024%2F01%2F04%2F73194.jpg&type=f200_200&expire=2&refresh=true,"""목요일까지 술 안돼""...살 빼기 '음식 규칙' 4가지는?","많은 사람들이 올해는 정크푸드를 끊고 건강한 식습관을 지켜 체중을 감량하겠다고 결심하지만, 기껏 몇 달 혹은 몇 주 만에 달콤한 간식과 기름진 배달음식의 유혹에 빠진다. 하지만 성공적인 체중 감량을 위한 식습관 교정은 그리 복잡하지 않다. 간단한 규칙을 세우면 뇌가 또 다른 결정을 내려야 하는..."
http://www.kihoilbo.co.kr/news/articleView.html?idxno=1068464,https://search.pstatic.net/common/?src=https%3A%2F%2Fimgnews.pstatic.net%2Fimage%2Forigin%2F5154%2F2024%2F01%2F18%2F494851.jpg&type=ofullfill208_208_empty&expire=2&refresh=true,"해나눔, 글루텐·글리아딘·카제인 분해 가능한 CGGD효소 선보여","일상생활에서 피자, 파스타, 햄버거 등 서구화된 식습관을 즐기는 사람들이 많다. 간단한 식사를 원할 때는 라면, 국수, 빵 등으로 끼니를 챙기고 간식으로는 도넛, 과자 등을 선호하는 경우도 적지 않다. 하지만 밀가루와 우유가 함유된 음식 섭취는 소화불량의 원인이 될 수 있다. 밀가루 음식이나 우유를..."
https://www.mediafine.co.kr/news/articleView.html?idxno=51770,https://search.pstatic.net/common/?src=https%3A%2F%2Fimgnews.pstatic.net%2Fimage%2Forigin%2F5443%2F2024%2F01%2F23%2F12617.jpg&type=ofullfill208_208_empty&expire=2&refresh=true,"인지 어려운 당뇨병 초기 증상, 미리 검사 받고 관리 해야 [권담 원장 칼럼]","당뇨병은 현대인들이 가장 많이 걸리는 질병 중 하나로 우리나라도 경제 발전과 더불어 서구화된 식습관, 운동부족, 만성 스트레스 등으로 유병률이 더욱 증가 하고 있다. 2020년 통계로 30세 이상 성인 600만명 정도가 당뇨병 환자로 알려져 있지만 심각한 합병증을 동반하지 않는 경우에는 본인이 당뇨병 환자임을..."
http://www.veritas-a.com/news/articleView.html?idxno=491584,https://search.pstatic.net/common/?src=https%3A%2F%2Fimgnews.pstatic.net%2Fimage%2Forigin%2F5258%2F2024%2F01%2F18%2F292025.jpg&type=ofullfill208_208_empty&expire=2&refresh=true,충북대 운영 청주시흥덕청원어린이급식관리지원센터 2024 원장(센터장)/교사 대상 집합교육/사업설명회 실시,"이번 교육은 '올바른 어린이 식습관 형성을 위한 지도방법'을 주제로 127명이 교육에 참여했다. 이 날 교육은 김명숙 식품영양학과 강사가 편식의 원인과... 영유아의 식습관 지도에 관심을 갖고 식습관 개선을 위해 교사들과 공유하고 연구해 볼 수 있는 기회가 됐다""고 말했다...."
http://www.edaily.co.kr/news/newspath.asp?newsid=01272646638761984,https://search.pstatic.net/common/?src=https%3A%2F%2Fimgnews.pstatic.net%2Fimage%2Forigin%2F018%2F2024%2F01%2F27%2F5662511.jpg&type=f200_200&expire=2&refresh=true,퇴근 후 한 잔?.. MZ세대 '이 병' 키웠다,"송 교수는 “최근 들어 진료실을 찾은 통풍 환자 중 20~30대가 늘고 있는데, 젊은 층에서의 변화된 식습관과 음주, 생활습관, 스트레스 등이 주요 요인으로 보고 있다”며, “치킨, 고기류 등의 배달음식과 집에서 소맥, 치맥, 하이볼, 혼술 등을 즐기면서 신체 활동은 줄고 고지방, 고단백 위주의 음식 섭취는..."
