Rank,Title,Image,URL
1,돼지고기 김치찌개 맛내는 비법,https://recipe1.ezmember.co.kr/cache/recipe/2015/08/25/a01d013a6b6f9d526c43f4659db2cd61_m.jpg,https://www.10000recipe.com//recipe/1785098
2,"소고기무국 황금레시피, 재료는 간단! 맛은 최고!",https://recipe1.ezmember.co.kr/cache/recipe/2016/03/22/34653c3f0b81699d266dcfc1418365c01_m.jpg,https://www.10000recipe.com//recipe/6845113
3,"오징어 볶음, 향과 맛이 일품! 백종원 오징어 볶음",https://recipe1.ezmember.co.kr/cache/recipe/2019/01/04/518d5bf35102aa51bf58078f7a25dc751_m.jpg,https://www.10000recipe.com//recipe/6903507
4,제육볶음 만드는법 # 기사식당st 레시피,https://recipe1.ezmember.co.kr/cache/recipe/2016/03/27/3b2359adaaaff4853eecfa07a04ac3a71_m.jpg,https://www.10000recipe.com//recipe/6845428
5,양념장이 참 맛있는 두부조림,https://recipe1.ezmember.co.kr/cache/recipe/2019/02/15/51440490a12476fc20860f3e9bde29781_m.jpg,https://www.10000recipe.com//recipe/6906655
6,"마지막 한 젓가락까지 바삭하고 고소한 간장 멸치볶음(아이밑반찬,간단반찬)멸치볶음 ",https://recipe1.ezmember.co.kr/cache/recipe/2018/07/02/760e92406112f6a0ad98d84844cbfc7e1_m.jpg,https://www.10000recipe.com//recipe/6891816
7,"무생채 만드는 법, 절이지 않고 10분 만에 휘리릭 ~ ",https://recipe1.ezmember.co.kr/cache/recipe/2018/07/29/52046ea43391de69233f594b0b52bb311_m.JPG,https://www.10000recipe.com//recipe/6893285
8,고등어무조림,https://recipe1.ezmember.co.kr/cache/recipe/2015/05/27/d776a52f6fda01bb6ed1d4bdfb7821ce1_m.jpg,https://www.10000recipe.com//recipe/3568149
9,소불고기 황금 양념 레시피,https://recipe1.ezmember.co.kr/cache/recipe/2017/11/07/ca8c24608189aaf9d376f14b3f3be57c1_m.jpg,https://www.10000recipe.com//recipe/6879215
10,아삭한 봄동 겉절이 ,https://recipe1.ezmember.co.kr/cache/recipe/2018/04/24/d134b126dc63b239199d0dc0338cd7e91_m.jpg,https://www.10000recipe.com//recipe/6887815
11,소갈비찜 만드는 법 - 생일상차림 메뉴,https://recipe1.ezmember.co.kr/cache/recipe/2017/12/28/2ae16d56729371528da4a84b2afdb2f01_m.jpg,https://www.10000recipe.com//recipe/6881450
12,닭볶음탕 닭도리탕 황금레시피 짱짱맛 칼칼함이 남달라,https://recipe1.ezmember.co.kr/cache/recipe/2018/02/13/e0649f3f0b446f39c9a7bdff70d953691_m.jpg,https://www.10000recipe.com//recipe/6883937
13,아삭아삭 콩나물무침♡,https://recipe1.ezmember.co.kr/cache/recipe/2018/09/06/fd90bc74ddb4580b2dad22c83b42ec6f1_m.jpg,https://www.10000recipe.com//recipe/6895383
14,【초간단】국민반찬 진미채 볶음 만들기~,https://recipe1.ezmember.co.kr/cache/recipe/2017/04/03/4054908fb98f03d40783388c2889f1c81_m.jpg,https://www.10000recipe.com//recipe/6867849
15,"식당에서 먹던 맛과 비주얼 그대로, 폭탄 계란찜 만드는 법",https://recipe1.ezmember.co.kr/cache/recipe/2017/07/06/c807784ab41809f624a6a4a7466cd5bd1_m.jpg,https://www.10000recipe.com//recipe/6872350
16,"순두부찌개. 바지락, 고기 없이도 기가 막힌 순두부찌개 만드는 법 / 만들기 / 순두부찌개 황금 레시피",https://recipe1.ezmember.co.kr/cache/recipe/2019/08/07/8683a91920e8857cc7aba8fd79da46a91_m.jpg,https://www.10000recipe.com//recipe/6912220
17,너무 간단한데 맛있어서 놀라는 백종원 분식점 떡볶이 황금 레시피,https://recipe1.ezmember.co.kr/cache/recipe/2018/08/13/3233d427883d15239f297aeeaf1775531_m.jpg,https://www.10000recipe.com//recipe/6894096
18,메추리알장조림 초간단 레시피 소개해용^^,https://recipe1.ezmember.co.kr/cache/recipe/2015/11/12/c76be7867b1817ec48e395e3a0ec37801_m.jpg,https://www.10000recipe.com//recipe/6838020
19,시금치무침 만드는 법 시금치나물무침,https://recipe1.ezmember.co.kr/cache/recipe/2015/12/21/4b18778769ccdab54b57d7ddbc753f501_m.jpg,https://www.10000recipe.com//recipe/6840346
20,"엄마의 레시피, 소고기 미역국 끓이는 법",https://recipe1.ezmember.co.kr/cache/recipe/2017/07/28/860484b80033e84a3584a366ae903a0d1_m.jpg,https://www.10000recipe.com//recipe/6873683
21,"소세지야채볶음 황금레시피, 쏘야 맛있게만들기",https://recipe1.ezmember.co.kr/cache/recipe/2017/07/19/907c4662b413b0cdbc4e9ea088935ba21_m.jpg,https://www.10000recipe.com//recipe/6872975
22,꼬막무침 삶는방법부터 양념장까지 완벽하게!!,https://recipe1.ezmember.co.kr/cache/recipe/2017/05/10/2decfca86fe2d199b862cc1e38349b9e1_m.jpg,https://www.10000recipe.com//recipe/6869539
23,잡채 황금레시피로 불지않게 맛있게 만드는법,https://recipe1.ezmember.co.kr/cache/recipe/2021/02/17/d9510262b90bf7b3a1fde8ebe200eb0e1_m.jpg,https://www.10000recipe.com//recipe/6953648
24,두부조림 양념장 만드는 법 ,https://recipe1.ezmember.co.kr/cache/recipe/2018/06/26/b423d8a43b45d4f8dd820f82fb37a9461_m.jpg,https://www.10000recipe.com//recipe/6891526
25,국물이 너무 개운해요~맑은콩나물국 맛있게 끓이는법(김진옥요리가좋다),https://recipe1.ezmember.co.kr/cache/recipe/2019/01/25/8bed3206ef470a0d7d23d565564805261_m.jpg,https://www.10000recipe.com//recipe/6905196
26,안동찜닭 황금레시피 찜닭 레시피 중에서 최고!,https://recipe1.ezmember.co.kr/cache/recipe/2017/12/11/8abb7bc5ceede607442029340e1b72011_m.jpg,https://www.10000recipe.com//recipe/6880798
27,볶음김치 황금레시피 김치볶음 밑반찬,https://recipe1.ezmember.co.kr/cache/recipe/2017/10/14/7804733868375a0baef063db54e8f6651_m.jpg,https://www.10000recipe.com//recipe/6877896
28,부대찌개 황금레시피 만드는법,https://recipe1.ezmember.co.kr/cache/recipe/2016/01/24/b2b0b2d77164f77489c07c68aa112f741_m.jpg,https://www.10000recipe.com//recipe/6842041
29,"백종원 감자탕 레시피, 생각보다 너무 쉽고 맛있어요",https://recipe1.ezmember.co.kr/cache/recipe/2017/08/02/85d454a30f1eed0592d7684d9bd4e1c91_m.jpg,https://www.10000recipe.com//recipe/6873935
30,백종원 제육볶음 레시피^^ 백종원의 노하우가 들어있는 손쉬운 레시피 백종원 제육볶음 만들기!!!,https://recipe1.ezmember.co.kr/cache/recipe/2016/01/03/2719de5f7ea19aceb5b859d36b853b481_m.jpg,https://www.10000recipe.com//recipe/6841008
31,【본죽장조림】소고기장조림 만들기~,https://recipe1.ezmember.co.kr/cache/recipe/2018/04/02/1a3b68d046470bee7bb52c3cced16ad01_m.jpg,https://www.10000recipe.com//recipe/6886559
32,잔치국수 양념장 황금레시피 이렇게~,https://recipe1.ezmember.co.kr/cache/recipe/2015/10/14/434379c503e37e6964324965a79d3a101_m.jpg,https://www.10000recipe.com//recipe/6836180
33,"설날 떡국 맛있게 끓이는 법, 소고기를 듬뿍 넣어 국물 맛이 진한 떡국 레시피!",https://recipe1.ezmember.co.kr/cache/recipe/2018/01/29/c84c408cd7588b7b2d6a12d031a3bc981_m.jpg,https://www.10000recipe.com//recipe/6883026
34,미역줄기볶음 짜지 않게 비린내 없이!,https://recipe1.ezmember.co.kr/cache/recipe/2017/09/15/6229b0022c9376c251d4527730ce0ee01_m.jpg,https://www.10000recipe.com//recipe/6876544
35,"백종원 김치볶음밥 레시피 누구나 쉽게 만드는 팁까지,",https://recipe1.ezmember.co.kr/cache/recipe/2017/09/19/96ec17e2277cd4b94694303c448fdbd11_m.jpg,https://www.10000recipe.com//recipe/6876755
36,백종원 오이무침 새콤달콤 맛있게~,https://recipe1.ezmember.co.kr/cache/recipe/2018/10/06/b1b388113cd0d3c3c3ce3838f838bfef1_m.jpg,https://www.10000recipe.com//recipe/6897261
37,참치김치찌개 황금레시피 맛있게 끓여먹어요~,https://recipe1.ezmember.co.kr/cache/recipe/2017/02/02/82a199e83078f6c5d8c21c93ffcc72841_m.jpg,https://www.10000recipe.com//recipe/6864674
38,[연근조림] 아작 아작 달콤 짭쪼름한 연근 조림 만들기,https://recipe1.ezmember.co.kr/cache/recipe/2015/12/15/8c5985330bbbd967a694b4a994063df61_m.jpg,https://www.10000recipe.com//recipe/6840027
39,"매콤 된장찌개, 채소와 두부만 넣은 초간단 초스피드 된장찌개",https://recipe1.ezmember.co.kr/cache/recipe/2016/10/27/462f2e2c70a260e044c4450bc18e6f651_m.jpg,https://www.10000recipe.com//recipe/6859263
40,생선 없이도 깊은 맛이 나는 '백종원 무조림' 레시피,https://recipe1.ezmember.co.kr/cache/recipe/2018/09/12/87c098dbfe15fd8a9e4e092ae98983291_m.jpg,https://www.10000recipe.com//recipe/6895723
41,닭볶음탕 진짜진짜 황금레시피 알려 드려요~~^^,https://recipe1.ezmember.co.kr/cache/recipe/2017/09/12/e082636233ee03a012fc656d428df5971_m.jpg,https://www.10000recipe.com//recipe/6876357
42,된장 국물이 시원하고 얼큰한 배추 된장국 만들기,https://recipe1.ezmember.co.kr/cache/recipe/2017/03/29/b2f10a946f4f359fd820ff39b702ef2b1_m.jpg,https://www.10000recipe.com//recipe/6867648
43,백종원레시피로 만든 콩나물무침으로 밥 한 끼 뚝딱 ~ ,https://recipe1.ezmember.co.kr/cache/recipe/2017/03/22/93dd58483544283879abe07cb3ca75961_m.jpg,https://www.10000recipe.com//recipe/6867256
44,오징어무국,https://recipe1.ezmember.co.kr/cache/recipe/2015/07/24/2c659daaae3ccd3de0e917aa8e04403a_m.jpg,https://www.10000recipe.com//recipe/1787453
45,매콤 돼지갈비찜,https://recipe1.ezmember.co.kr/cache/recipe/2019/04/09/178112365b4da735370b6729301f0d8e1_m.jpg,https://www.10000recipe.com//recipe/6910133
46,돼지고기고추장찌개,https://recipe1.ezmember.co.kr/cache/recipe/2018/02/23/6301ea463593d23b0adc8694178ad0aa1_m.jpg,https://www.10000recipe.com//recipe/6885185
47,감자채볶음 요리,https://recipe1.ezmember.co.kr/cache/recipe/2015/09/03/7b212e9f49ebe4a5fd27507ce388e7d81_m.jpg,https://www.10000recipe.com//recipe/4007561
48,두반장이 필요없다! 쉽고~ 맛있는 마파두부/ 마파두부덮밥 레시피 공개!,https://recipe1.ezmember.co.kr/cache/recipe/2017/12/27/81d7bf7713e7b538b97d521d1485ec421_m.jpg,https://www.10000recipe.com//recipe/6881454
49,백종원 돼지고기 김치찌개 만들기 ,https://recipe1.ezmember.co.kr/cache/recipe/2016/05/29/2a170363760225a934d26ff7e94cede31_m.jpg,https://www.10000recipe.com//recipe/6850116
50,"깍두기 쉽게 담그는법/새우젓, 찹쌀풀없이 담그기",https://recipe1.ezmember.co.kr/cache/recipe/2015/08/17/bcc9e06e76622b60f44ad34eceaae57c1_m.jpg,https://www.10000recipe.com//recipe/6832126
51,정말 쉬운 감자간장조림~~실패율 0%!!!당장 도전입니당♡♡♡,https://recipe1.ezmember.co.kr/cache/recipe/2018/09/28/bf1119e96115a8d19b2014d81c9e4fb41_m.jpg,https://www.10000recipe.com//recipe/6896724
52,계란장조림 황금레시피 짜지않고 맛있게,https://recipe1.ezmember.co.kr/cache/recipe/2019/02/06/0c852122b2b74b76bf78cc0c1527a0e21_m.jpg,https://www.10000recipe.com//recipe/6906766
53,크림파스타 만들기 크림스파게티 만드는 법 생각보다 간단해요 :),https://recipe1.ezmember.co.kr/cache/recipe/2018/12/14/2e5a56658f3abe62fa741b2958e3354e1_m.jpg,https://www.10000recipe.com//recipe/6901938
54,돼지고기 김치찜 만드는 법,https://recipe1.ezmember.co.kr/cache/recipe/2018/05/25/53402adf0a5eb2b854649925343219481_m.jpg,https://www.10000recipe.com//recipe/6889570
55,절대 실패없는 제육볶음 황금레시피 감칠맛과 매운맛이 좋아요~!!,https://recipe1.ezmember.co.kr/cache/recipe/2019/01/31/e8cab950076b23a80f16dd7858dd514e1_m.jpg,https://www.10000recipe.com//recipe/6905743
56,초간단! 충무김밥 오뎅볶음(어묵볶음) 만들기,https://recipe1.ezmember.co.kr/cache/recipe/2015/06/25/4069701a66023604a4fa758bd397964b1_m.jpg,https://www.10000recipe.com//recipe/6829399
57,갈치조림 레시피,https://recipe1.ezmember.co.kr/cache/recipe/2015/08/07/44eea47b578d3437337a4c486f3dcf3d1_m.jpg,https://www.10000recipe.com//recipe/6830820
58,순대볶음 황금레시피,https://recipe1.ezmember.co.kr/cache/recipe/2015/04/18/5981d0cac50d25555f5fc691efc60ce31_m.jpg,https://www.10000recipe.com//recipe/6712470
59,갈치조림 - 밥도둑 갈치 요리,https://recipe1.ezmember.co.kr/cache/recipe/2018/07/20/bdb04ea36e460c8adcee6a22075a87e11_m.jpg,https://www.10000recipe.com//recipe/6892852
60,집밥으로 술안주로~ 닭갈비 레시피 끝판왕!! 파는 닭갈비 비법을 담았슴돠ㅋ~^^,https://recipe1.ezmember.co.kr/cache/recipe/2020/03/10/95e02532aa0e83a5bf7fd822692b8a771_m.jpg,https://www.10000recipe.com//recipe/6928209
61,완전 구수한 닭곰탕 만들기 너무쉬워서 깜놀,https://recipe1.ezmember.co.kr/cache/recipe/2017/01/04/127914cf34b686312cd46db4ce2b86311_m.jpg,https://www.10000recipe.com//recipe/6863985
62,뜨끈한 국물이 일품인 시금치된장국/시금치두부된장국 만들기♥,https://recipe1.ezmember.co.kr/cache/recipe/2016/10/19/92c7f040e2595e5504b027a28f74959d1_m.jpg,https://www.10000recipe.com//recipe/6858833
63,백종원 소고기 미역국 맛있게 끓이는 법,https://recipe1.ezmember.co.kr/cache/recipe/2015/12/24/7b10402a82606a5a3de6710c93a110f41_m.jpg,https://www.10000recipe.com//recipe/6840689
64,김치콩나물 국 얼큰하고 맛나게 끓이기!,https://recipe1.ezmember.co.kr/cache/recipe/2015/08/29/0da2844c04420d4ed4fdecb7db31e7581_m.jpg,https://www.10000recipe.com//recipe/6833097
65,돼지 등갈비찜 만들기 간장소스로 만드는 황금레시피 ,https://recipe1.ezmember.co.kr/cache/recipe/2018/11/25/5fb737d16f7e7e560ab81c53892cb3701_m.jpg,https://www.10000recipe.com//recipe/6900758
66,생생정보통 잡채 황금레시피 이거였네,https://recipe1.ezmember.co.kr/cache/recipe/2017/11/14/a2d4839b5743d121d4d2b46fdbc9aa5b1_m.jpg,https://www.10000recipe.com//recipe/6879533
67,"표고버섯볶음 , 쫄깃쫄깃한 밑반찬",https://recipe1.ezmember.co.kr/cache/recipe/2017/04/11/4ca5e925b5b2261fce0cdf5c384011831_m.jpg,https://www.10000recipe.com//recipe/6868455
68,집밥백선생 불낙지볶음. 집밥백선생 백종원 레시피.,https://recipe1.ezmember.co.kr/cache/recipe/2017/09/15/870609fd6e486df1f8f3e09f322aedeb1_m.jpg,https://www.10000recipe.com//recipe/6876513
69,떡갈비 황금레시피(떡갈비 만들기),https://recipe1.ezmember.co.kr/cache/recipe/2016/06/27/d321ac09144d01034618570a6c6c10601_m.jpg,https://www.10000recipe.com//recipe/6851683
70,초간단 10분 요리 김치비빔국수 양념장 끝내줘요,https://recipe1.ezmember.co.kr/cache/recipe/2018/03/22/599723cfecc8d9dd610aabadcbf6f3a71_m.jpg,https://www.10000recipe.com//recipe/6885928
71,초간단 순두부 백종원순두부만들기 백주부 순두부찌개 만드는 방법,https://recipe1.ezmember.co.kr/cache/recipe/2016/01/28/3d80ea535856cd83b9261c564a05ac0a1_m.jpg,https://www.10000recipe.com//recipe/6842257
72,"우리집 황금레시피로 카레 만드는 법,카레재료",https://recipe1.ezmember.co.kr/cache/recipe/2016/06/29/e72edf5c3976b23202cb41793aca87dc1_m.jpg,https://www.10000recipe.com//recipe/6851792
73,당근라페:이름은 어려워도 만들긴 참 쉬워요,https://recipe1.ezmember.co.kr/cache/recipe/2020/01/13/311189623de553c7f623ae42e5955dc31_m.jpg,https://www.10000recipe.com//recipe/6924906
74,백종원 닭볶음탕 만들기 쉽고 맛있기까지 하네요~,https://recipe1.ezmember.co.kr/cache/recipe/2015/08/11/0554430063ac68758e4929e120c655001_m.jpg,https://www.10000recipe.com//recipe/6623046
75,부대찌개 양념 만드는법 홀릭되는 맛임,https://recipe1.ezmember.co.kr/cache/recipe/2018/02/27/b5806f01ccb6f6d5d9aa94bdd6f4287e1_m.jpg,https://www.10000recipe.com//recipe/6884636
76,백종원 꽁치김치찌개 끓이는 법,https://recipe1.ezmember.co.kr/cache/recipe/2019/01/22/6f5dd265c79d6dd7a81e286c717fe5ca1_m.jpg,https://www.10000recipe.com//recipe/6904987
77,간단하게 쌈장만드는법/집에서 쌈장만들기⊙,https://recipe1.ezmember.co.kr/cache/recipe/2016/08/25/159c2c06f240a532c81ae24e259927381_m.jpg,https://www.10000recipe.com//recipe/6856975
78,"전자렌지 계란찜, 시간없을때 후다닥~!!",https://recipe1.ezmember.co.kr/cache/recipe/2017/07/13/90b427b8b07b396178d8baa7fdd991201_m.jpg,https://www.10000recipe.com//recipe/6872694
79,내장까지 넣어 제대로 진한 전복죽 만들기,https://recipe1.ezmember.co.kr/cache/recipe/2018/01/10/e8d5ef99176a05174fc355648135ff241_m.jpg,https://www.10000recipe.com//recipe/6882083
80,초간단 콩나물밥 만들기 콩나물비빔밥 양념장 만드는 방법,https://recipe1.ezmember.co.kr/cache/recipe/2016/07/12/2cd9b6c61ef161c0f66771d70cd2d0541_m.jpg,https://www.10000recipe.com//recipe/6852570
81,감자요리 - 백종원 감자짜글이 ,https://recipe1.ezmember.co.kr/cache/recipe/2018/06/28/aafe715cb61dcd794662060f4cc618391_m.jpg,https://www.10000recipe.com//recipe/6891652
82,오므라이스 황금레시피,https://recipe1.ezmember.co.kr/cache/recipe/2015/10/28/7639f6fcecb11f57cb12349217b795631_m.jpg,https://www.10000recipe.com//recipe/6836718
83,꽃게탕/꽃게탕 끓이는법,https://recipe1.ezmember.co.kr/cache/recipe/2015/04/22/3f22ecbbd276c60af4f6a89223c3f5551_m.jpg,https://www.10000recipe.com//recipe/4164229
84,"경상도식 얼큰 소고기무국 만드는 법, 국물이 칼칼해서 해장국으로도 좋아요 !",https://recipe1.ezmember.co.kr/cache/recipe/2017/11/28/8de576e493f7a36e610d5ef3af5549b61_m.jpg,https://www.10000recipe.com//recipe/6880161
85,매콤달콤 두부요리 :: 두부 깐풍기 / 집에서 즐기는 중식요리,https://recipe1.ezmember.co.kr/cache/recipe/2018/09/29/e0b56cd5bc7abf0144091cceaa75add61_m.jpg,https://www.10000recipe.com//recipe/6896769
86,백종원 돼지갈비찜 만드는 법,https://recipe1.ezmember.co.kr/cache/recipe/2017/10/27/7c68be25436044ca0fbd5b61783636ab1_m.jpg,https://www.10000recipe.com//recipe/6878686
87,"백선생 레시피, 겉은 바삭 속은 쫀득한 감자채전 만들기 ",https://recipe1.ezmember.co.kr/cache/recipe/2017/06/29/970025d6e8d31e2051dab5662d8311d71_m.jpg,https://www.10000recipe.com//recipe/6871961
88,비빔국수 황금레시피,https://recipe1.ezmember.co.kr/cache/recipe/2018/10/01/12f2952620a2e96ef3cdb5fef023260d1_m.jpg,https://www.10000recipe.com//recipe/6896908
89, 청국장찌개 황금 레시피♥,https://recipe1.ezmember.co.kr/cache/recipe/2016/02/14/7580d9832861b287272cf33fe4528b871_m.jpg,https://www.10000recipe.com//recipe/6843282
90,백종원 대패삼겹살 콩나물 불고기 ,https://recipe1.ezmember.co.kr/cache/recipe/2018/07/25/a6e0408192db3faffef005814c7cd7bb1_m.jpg,https://www.10000recipe.com//recipe/6893092
91,밥도둑 깻잎김치 만들기 어렵지 않아요^^,https://recipe1.ezmember.co.kr/cache/recipe/2017/09/09/0a5ffba23baf40dbf1867a10485cf6481_m.jpg,https://www.10000recipe.com//recipe/6876121
92,고구마맛탕 만들기 튀기지 않고~,https://recipe1.ezmember.co.kr/cache/recipe/2018/02/25/9ae57a6045ffce5fdbe74977bb060bbe1_m.jpg,https://www.10000recipe.com//recipe/6885349
93,김치 볶음밥 완전 새로운 방식!,https://recipe1.ezmember.co.kr/cache/recipe/2021/01/22/f0bf8a6d9f81e19e1544830c96261cdc1_m.jpg,https://www.10000recipe.com//recipe/6923068
94,맛있는 도토리묵무침 만드는 법 : 다이어트음식으로 좋아요!,https://recipe1.ezmember.co.kr/cache/recipe/2017/04/24/2cead3245a4b1cd5bd3c5a32d6f66d451_m.jpg,https://www.10000recipe.com//recipe/6868921
95,"소고기 장조림 황금레시피, 두고두고 먹는 밑반찬 만들기!",https://recipe1.ezmember.co.kr/cache/recipe/2017/05/15/804fa4c23455e1e1c0f9578452fd23ba1_m.jpg,https://www.10000recipe.com//recipe/6869801
96,바삭하고 달짝지근~ 고소한 멸치볶음! 효자밑반찬이 따로 없어요~:: 멸치주먹밥/멸치효능,https://recipe1.ezmember.co.kr/cache/recipe/2017/12/28/6bdbd20c704aa6f1c7c5333a1e7d54331_m.jpg,https://www.10000recipe.com//recipe/6881457
97,꽈리고추멸치볶음 밑반찬 만들기,https://recipe1.ezmember.co.kr/cache/recipe/2017/08/29/a4c3aeef99d1bb75ebaaa373d5796f0a1_m.jpg,https://www.10000recipe.com//recipe/6875568
98,김치비지찌개 만드는 법(콩비지찌개 레시피),https://recipe1.ezmember.co.kr/cache/recipe/2017/11/23/d42f68665015f37d9964a169e3fa5d031_m.jpg,https://www.10000recipe.com//recipe/6880005
99,"참치쌈장 만드는 법, 짜지 않고 맛있어요!",https://recipe1.ezmember.co.kr/cache/recipe/2017/12/15/66a7e1c737087b0a8737492fd40a507a1_m.jpg,https://www.10000recipe.com//recipe/6880978
100,"[간단 자취요리] 요청쇄도! 맛있는 콩불, 콩나물 불고기 만들기",https://recipe1.ezmember.co.kr/cache/recipe/2018/01/29/20fc80367851fdbe4f4784091ed3f27e1_m.jpg,https://www.10000recipe.com//recipe/6883016
