Title,Image,URL
두부소보로덮밥 식단,http://www.lampcook.com/wi_files/food_plan_img/1.jpg,http://www.lampcook.com/food/food_plan_view.php?idx_no=1
돼지고기부추볶음 식단,http://www.lampcook.com/wi_files/food_plan_img/2.jpg,http://www.lampcook.com/food/food_plan_view.php?idx_no=2
닭살데리볶음 식단,http://www.lampcook.com/wi_files/food_plan_img/3.jpg,http://www.lampcook.com/food/food_plan_view.php?idx_no=3
돈육브로콜리볶음 식단,http://www.lampcook.com/wi_files/food_plan_img/4.jpg,http://www.lampcook.com/food/food_plan_view.php?idx_no=4
돈육통마늘저염장조림 식단,http://www.lampcook.com/wi_files/food_plan_img/5.jpg,http://www.lampcook.com/food/food_plan_view.php?idx_no=5
양배추쌈밥 식단,http://www.lampcook.com/wi_files/food_plan_img/6.jpg,http://www.lampcook.com/food/food_plan_view.php?idx_no=6
닭살버섯구이 식단,http://www.lampcook.com/wi_files/food_plan_img/7.jpg,http://www.lampcook.com/food/food_plan_view.php?idx_no=7
돼지고기도라지볶음 식단,http://www.lampcook.com/wi_files/food_plan_img/8.jpg,http://www.lampcook.com/food/food_plan_view.php?idx_no=8
두부현미비빔밥 식단,http://www.lampcook.com/wi_files/food_plan_img/9.jpg,http://www.lampcook.com/food/food_plan_view.php?idx_no=9
곤드레밥 식단,http://www.lampcook.com/wi_files/food_plan_img/10.jpg,http://www.lampcook.com/food/food_plan_view.php?idx_no=10
냉콩국수 식단,http://www.lampcook.com/wi_files/food_plan_img/11.jpg,http://www.lampcook.com/food/food_plan_view.php?idx_no=11
저염대구찜 식단,http://www.lampcook.com/wi_files/food_plan_img/12.jpg,http://www.lampcook.com/food/food_plan_view.php?idx_no=12
도토리묵야채무침 식단,http://www.lampcook.com/wi_files/food_plan_img/13.jpg,http://www.lampcook.com/food/food_plan_view.php?idx_no=13
돈육수육 식단,http://www.lampcook.com/wi_files/food_plan_img/14.jpg,http://www.lampcook.com/food/food_plan_view.php?idx_no=14
바지락부추칼국수 식단,http://www.lampcook.com/wi_files/food_plan_img/15.jpg,http://www.lampcook.com/food/food_plan_view.php?idx_no=15
현미완두콩밥&저염닭개장 식단,http://www.lampcook.com/wi_files/food_plan_img/16.jpg,http://www.lampcook.com/food/food_plan_view.php?idx_no=16
현미수수밥&고등어무조림 식단,http://www.lampcook.com/wi_files/food_plan_img/17.jpg,http://www.lampcook.com/food/food_plan_view.php?idx_no=17
현미밥&코다리찜 식단,http://www.lampcook.com/wi_files/food_plan_img/18.jpg,http://www.lampcook.com/food/food_plan_view.php?idx_no=18
표고버섯콩나물밥 식단,http://www.lampcook.com/wi_files/food_plan_img/19.jpg,http://www.lampcook.com/food/food_plan_view.php?idx_no=19
현미수수밥&저염육개장 식단,http://www.lampcook.com/wi_files/food_plan_img/20.jpg,http://www.lampcook.com/food/food_plan_view.php?idx_no=20
현미기장밥 식단,http://www.lampcook.com/wi_files/food_plan_img/21.jpg,http://www.lampcook.com/food/food_plan_view.php?idx_no=21
현미보리밥 식단,http://www.lampcook.com/wi_files/food_plan_img/22.jpg,http://www.lampcook.com/food/food_plan_view.php?idx_no=22
흑미너트영양밥 식단,http://www.lampcook.com/wi_files/food_plan_img/23.jpg,http://www.lampcook.com/food/food_plan_view.php?idx_no=23
현미보리밥&미역냉국 식단,http://www.lampcook.com/wi_files/food_plan_img/24.jpg,http://www.lampcook.com/food/food_plan_view.php?idx_no=24
현미차조밥 식단,http://www.lampcook.com/wi_files/food_plan_img/25.jpg,http://www.lampcook.com/food/food_plan_view.php?idx_no=25
스파게티 식단,http://www.lampcook.com/wi_files/food_plan_img/26.jpg,http://www.lampcook.com/food/food_plan_view.php?idx_no=26
돈가스저염김치소스 식단,http://www.lampcook.com/wi_files/food_plan_img/27.jpg,http://www.lampcook.com/food/food_plan_view.php?idx_no=27
더덕생채&돈육보쌈 식단,http://www.lampcook.com/wi_files/food_plan_img/28.jpg,http://www.lampcook.com/food/food_plan_view.php?idx_no=28
쌀국수 식단,http://www.lampcook.com/wi_files/food_plan_img/29.jpg,http://www.lampcook.com/food/food_plan_view.php?idx_no=29
닭칼국수 식단,http://www.lampcook.com/wi_files/food_plan_img/30.jpg,http://www.lampcook.com/food/food_plan_view.php?idx_no=30
햄버거스테이크 식단,http://www.lampcook.com/wi_files/food_plan_img/31.jpg,http://www.lampcook.com/food/food_plan_view.php?idx_no=31
저염오므라이스 식단,http://www.lampcook.com/wi_files/food_plan_img/32.jpg,http://www.lampcook.com/food/food_plan_view.php?idx_no=32
돈사태떡찜 식단,http://www.lampcook.com/wi_files/food_plan_img/33.jpg,http://www.lampcook.com/food/food_plan_view.php?idx_no=33
햄버거 식단,http://www.lampcook.com/wi_files/food_plan_img/34.jpg,http://www.lampcook.com/food/food_plan_view.php?idx_no=34
저염메밀국수 식단,http://www.lampcook.com/wi_files/food_plan_img/35.jpg,http://www.lampcook.com/food/food_plan_view.php?idx_no=35
